network	network_description	compute	protocol	k	protocol_description	block_interval	activation_delay	number_activations	activations	incentive_scheme	incentive_scheme_description	reward	
simple10-uni	10 nodes, compute 1..10, simple dissemination, uniform delay 0.6..1.4	1.|2.|3.|4.|5.|6.|7.|8.|9.|10.	nakamoto	1	Nakamoto consensus	30.	30.	10000	173|368|543|708|901|1128|1275|1402|1647|1855	constant	1 per confirmed block	165.|355.|527.|685.|876.|1101.|1235.|1362.|1608.|1809.	
simple10-uni	10 nodes, compute 1..10, simple dissemination, uniform delay 0.6..1.4	1.|2.|3.|4.|5.|6.|7.|8.|9.|10.	nakamoto	1	Nakamoto consensus	60.	60.	10000	175|393|523|731|914|1057|1322|1387|1661|1837	constant	1 per confirmed block	172.|389.|515.|717.|902.|1041.|1299.|1371.|1638.|1804.	
simple10-uni	10 nodes, compute 1..10, simple dissemination, uniform delay 0.6..1.4	1.|2.|3.|4.|5.|6.|7.|8.|9.|10.	nakamoto	1	Nakamoto consensus	120.	120.	10000	178|360|539|675|931|1066|1245|1507|1609|1890	constant	1 per confirmed block	177.|357.|535.|671.|926.|1057.|1239.|1502.|1595.|1881.	
simple10-uni	10 nodes, compute 1..10, simple dissemination, uniform delay 0.6..1.4	1.|2.|3.|4.|5.|6.|7.|8.|9.|10.	nakamoto	1	Nakamoto consensus	300.	300.	10000	202|349|556|717|918|1087|1253|1394|1637|1887	constant	1 per confirmed block	201.|348.|553.|717.|916.|1080.|1245.|1392.|1631.|1878.	
simple10-uni	10 nodes, compute 1..10, simple dissemination, uniform delay 0.6..1.4	1.|2.|3.|4.|5.|6.|7.|8.|9.|10.	nakamoto	1	Nakamoto consensus	600.	600.	10000	183|390|518|689|961|1079|1276|1355|1744|1805	constant	1 per confirmed block	183.|389.|518.|687.|961.|1076.|1276.|1354.|1744.|1804.	
simple10-uni	10 nodes, compute 1..10, simple dissemination, uniform delay 0.6..1.4	1.|2.|3.|4.|5.|6.|7.|8.|9.|10.	bk	1	Bₖ with less leader modification and k=1	30.	30.	10000	174|377|501|739|930|1074|1290|1458|1610|1847	constant	1 per confirmed block, split equally between referenced votes	168.|362.|481.|721.|910.|1040.|1259.|1421.|1562.|1794.	
simple10-uni	10 nodes, compute 1..10, simple dissemination, uniform delay 0.6..1.4	1.|2.|3.|4.|5.|6.|7.|8.|9.|10.	bk	1	Bₖ with less leader modification and k=1	60.	60.	10000	173|393|562|744|915|1066|1219|1410|1630|1888	constant	1 per confirmed block, split equally between referenced votes	167.|383.|558.|732.|893.|1052.|1203.|1388.|1609.|1868.	
simple10-uni	10 nodes, compute 1..10, simple dissemination, uniform delay 0.6..1.4	1.|2.|3.|4.|5.|6.|7.|8.|9.|10.	bk	1	Bₖ with less leader modification and k=1	120.	120.	10000	197|366|518|729|938|1056|1262|1455|1608|1871	constant	1 per confirmed block, split equally between referenced votes	194.|363.|514.|721.|928.|1050.|1252.|1443.|1600.|1857.	
simple10-uni	10 nodes, compute 1..10, simple dissemination, uniform delay 0.6..1.4	1.|2.|3.|4.|5.|6.|7.|8.|9.|10.	bk	1	Bₖ with less leader modification and k=1	300.	300.	10000	185|357|521|740|896|1051|1316|1567|1562|1805	constant	1 per confirmed block, split equally between referenced votes	185.|355.|521.|734.|890.|1045.|1312.|1562.|1557.|1800.	
simple10-uni	10 nodes, compute 1..10, simple dissemination, uniform delay 0.6..1.4	1.|2.|3.|4.|5.|6.|7.|8.|9.|10.	bk	1	Bₖ with less leader modification and k=1	600.	600.	10000	178|300|526|726|889|1167|1296|1468|1725|1725	constant	1 per confirmed block, split equally between referenced votes	177.|298.|525.|724.|888.|1167.|1294.|1467.|1725.|1722.	
simple10-uni	10 nodes, compute 1..10, simple dissemination, uniform delay 0.6..1.4	1.|2.|3.|4.|5.|6.|7.|8.|9.|10.	bk	2	Bₖ with less leader modification and k=2	30.	15.	10000	196|367|521|740|932|1027|1306|1509|1602|1800	constant	1 per confirmed block, split equally between referenced votes	92.5|174.|243.5|345.5|442.5|483.5|617.5|718.5|752.|855.5	
simple10-uni	10 nodes, compute 1..10, simple dissemination, uniform delay 0.6..1.4	1.|2.|3.|4.|5.|6.|7.|8.|9.|10.	bk	2	Bₖ with less leader modification and k=2	60.	30.	10000	171|370|553|718|955|1113|1223|1427|1658|1812	constant	1 per confirmed block, split equally between referenced votes	83.|177.|265.|349.5|461.5|540.|590.|692.5|808.5|884.	
simple10-uni	10 nodes, compute 1..10, simple dissemination, uniform delay 0.6..1.4	1.|2.|3.|4.|5.|6.|7.|8.|9.|10.	bk	2	Bₖ with less leader modification and k=2	120.	60.	10000	182|351|524|704|945|1071|1280|1532|1655|1756	constant	1 per confirmed block, split equally between referenced votes	90.5|172.|256.5|346.5|465.5|530.|629.|757.|817.|865.	
simple10-uni	10 nodes, compute 1..10, simple dissemination, uniform delay 0.6..1.4	1.|2.|3.|4.|5.|6.|7.|8.|9.|10.	bk	2	Bₖ with less leader modification and k=2	300.	150.	10000	196|337|582|735|859|1081|1280|1475|1664|1791	constant	1 per confirmed block, split equally between referenced votes	98.|167.|289.|365.5|427.|537.|634.|732.|828.5|889.	
simple10-uni	10 nodes, compute 1..10, simple dissemination, uniform delay 0.6..1.4	1.|2.|3.|4.|5.|6.|7.|8.|9.|10.	bk	2	Bₖ with less leader modification and k=2	600.	300.	10000	157|346|546|676|882|1107|1310|1465|1650|1861	constant	1 per confirmed block, split equally between referenced votes	78.5|172.|271.5|337.5|439.5|550.5|654.|729.5|823.5|928.5	
simple10-uni	10 nodes, compute 1..10, simple dissemination, uniform delay 0.6..1.4	1.|2.|3.|4.|5.|6.|7.|8.|9.|10.	bk	4	Bₖ with less leader modification and k=4	30.	7.5	10000	198|369|583|718|926|1077|1257|1434|1647|1791	constant	1 per confirmed block, split equally between referenced votes	46.25|86.75|136.75|167.5|217.25|251.75|295.|340.|390.75|423.	
simple10-uni	10 nodes, compute 1..10, simple dissemination, uniform delay 0.6..1.4	1.|2.|3.|4.|5.|6.|7.|8.|9.|10.	bk	4	Bₖ with less leader modification and k=4	60.	15.	10000	162|347|523|754|887|1092|1272|1458|1662|1843	constant	1 per confirmed block, split equally between referenced votes	39.5|84.|127.75|182.5|214.|264.5|308.75|355.5|403.5|447.	
simple10-uni	10 nodes, compute 1..10, simple dissemination, uniform delay 0.6..1.4	1.|2.|3.|4.|5.|6.|7.|8.|9.|10.	bk	4	Bₖ with less leader modification and k=4	120.	30.	10000	213|359|519|712|964|1097|1217|1459|1652|1808	constant	1 per confirmed block, split equally between referenced votes	51.75|88.25|128.25|175.75|238.|269.|300.25|360.75|408.5|448.5	
simple10-uni	10 nodes, compute 1..10, simple dissemination, uniform delay 0.6..1.4	1.|2.|3.|4.|5.|6.|7.|8.|9.|10.	bk	4	Bₖ with less leader modification and k=4	300.	75.	10000	191|361|521|729|911|1088|1259|1481|1625|1834	constant	1 per confirmed block, split equally between referenced votes	47.25|88.5|128.25|180.75|226.5|269.5|313.5|366.25|405.|457.5	
simple10-uni	10 nodes, compute 1..10, simple dissemination, uniform delay 0.6..1.4	1.|2.|3.|4.|5.|6.|7.|8.|9.|10.	bk	4	Bₖ with less leader modification and k=4	600.	150.	10000	184|337|557|685|944|1068|1291|1444|1670|1820	constant	1 per confirmed block, split equally between referenced votes	45.5|84.|138.75|171.25|235.75|266.|321.|359.75|416.|454.	
simple10-uni	10 nodes, compute 1..10, simple dissemination, uniform delay 0.6..1.4	1.|2.|3.|4.|5.|6.|7.|8.|9.|10.	bk	8	Bₖ with less leader modification and k=8	30.	3.75	10000	191|395|554|713|902|1097|1301|1527|1567|1753	constant	1 per confirmed block, split equally between referenced votes	22.75|45.875|64.75|83.75|105.625|128.5|154.75|180.125|183.75|208.125	
simple10-uni	10 nodes, compute 1..10, simple dissemination, uniform delay 0.6..1.4	1.|2.|3.|4.|5.|6.|7.|8.|9.|10.	bk	8	Bₖ with less leader modification and k=8	60.	7.5	10000	180|355|556|725|990|1045|1263|1452|1583|1851	constant	1 per confirmed block, split equally between referenced votes	22.25|42.875|67.|87.|119.375|126.5|152.125|177.625|192.|224.25	
simple10-uni	10 nodes, compute 1..10, simple dissemination, uniform delay 0.6..1.4	1.|2.|3.|4.|5.|6.|7.|8.|9.|10.	bk	8	Bₖ with less leader modification and k=8	120.	15.	10000	172|346|522|710|926|1124|1284|1450|1690|1776	constant	1 per confirmed block, split equally between referenced votes	21.125|41.875|64.125|86.875|114.625|138.375|158.|178.|207.75|219.25	
simple10-uni	10 nodes, compute 1..10, simple dissemination, uniform delay 0.6..1.4	1.|2.|3.|4.|5.|6.|7.|8.|9.|10.	bk	8	Bₖ with less leader modification and k=8	300.	37.5	10000	195|339|517|757|913|1078|1316|1471|1553|1861	constant	1 per confirmed block, split equally between referenced votes	24.|42.125|64.125|94.|113.875|133.75|163.75|182.|192.625|231.75	
simple10-uni	10 nodes, compute 1..10, simple dissemination, uniform delay 0.6..1.4	1.|2.|3.|4.|5.|6.|7.|8.|9.|10.	bk	8	Bₖ with less leader modification and k=8	600.	75.	10000	209|349|551|734|874|1047|1253|1466|1679|1838	constant	1 per confirmed block, split equally between referenced votes	26.125|43.25|68.75|91.25|108.875|130.25|155.375|182.875|209.5|229.75	
simple10-uni	10 nodes, compute 1..10, simple dissemination, uniform delay 0.6..1.4	1.|2.|3.|4.|5.|6.|7.|8.|9.|10.	bk	16	Bₖ with less leader modification and k=16	30.	1.875	10000	187|372|498|756|901|1095|1288|1424|1662|1817	constant	1 per confirmed block, split equally between referenced votes	11.25|22.25|28.8125|45.25|53.25|64.5|75.75|84.1875|98.0625|107.6875	
simple10-uni	10 nodes, compute 1..10, simple dissemination, uniform delay 0.6..1.4	1.|2.|3.|4.|5.|6.|7.|8.|9.|10.	bk	16	Bₖ with less leader modification and k=16	60.	3.75	10000	180|365|527|726|928|1087|1297|1451|1670|1769	constant	1 per confirmed block, split equally between referenced votes	11.|22.3125|31.75|43.3125|56.125|66.|78.6875|88.3125|101.|107.5	
simple10-uni	10 nodes, compute 1..10, simple dissemination, uniform delay 0.6..1.4	1.|2.|3.|4.|5.|6.|7.|8.|9.|10.	bk	16	Bₖ with less leader modification and k=16	120.	7.5	10000	175|392|542|764|951|1073|1307|1462|1603|1731	constant	1 per confirmed block, split equally between referenced votes	10.75|24.25|32.9375|47.1875|58.6875|66.125|80.125|90.0625|98.375|106.5	
simple10-uni	10 nodes, compute 1..10, simple dissemination, uniform delay 0.6..1.4	1.|2.|3.|4.|5.|6.|7.|8.|9.|10.	bk	16	Bₖ with less leader modification and k=16	300.	18.75	10000	170|347|561|682|918|1106|1268|1459|1651|1838	constant	1 per confirmed block, split equally between referenced votes	10.5625|21.625|34.875|42.3125|57.0625|68.9375|78.9375|90.4375|102.6875|114.5625	
simple10-uni	10 nodes, compute 1..10, simple dissemination, uniform delay 0.6..1.4	1.|2.|3.|4.|5.|6.|7.|8.|9.|10.	bk	16	Bₖ with less leader modification and k=16	600.	37.5	10000	173|369|551|711|902|1036|1254|1485|1678|1841	constant	1 per confirmed block, split equally between referenced votes	10.75|22.9375|34.375|44.1875|55.9375|64.4375|78.125|92.3125|104.375|114.5625	
simple10-uni	10 nodes, compute 1..10, simple dissemination, uniform delay 0.6..1.4	1.|2.|3.|4.|5.|6.|7.|8.|9.|10.	bk	32	Bₖ with less leader modification and k=32	30.	0.9375	10000	189|373|544|744|923|1073|1252|1424|1667|1811	constant	1 per confirmed block, split equally between referenced votes	5.53125|10.84375|15.59375|21.84375|26.5|31.75|36.4375|41.375|48.8125|53.3125	
simple10-uni	10 nodes, compute 1..10, simple dissemination, uniform delay 0.6..1.4	1.|2.|3.|4.|5.|6.|7.|8.|9.|10.	bk	32	Bₖ with less leader modification and k=32	60.	1.875	10000	174|368|548|672|927|1172|1230|1492|1591|1826	constant	1 per confirmed block, split equally between referenced votes	5.21875|11.1875|16.46875|20.28125|28.09375|35.21875|37.3125|45.5625|48.4375|55.21875	
simple10-uni	10 nodes, compute 1..10, simple dissemination, uniform delay 0.6..1.4	1.|2.|3.|4.|5.|6.|7.|8.|9.|10.	bk	32	Bₖ with less leader modification and k=32	120.	3.75	10000	193|388|560|757|873|1035|1346|1430|1626|1792	constant	1 per confirmed block, split equally between referenced votes	5.90625|11.84375|17.15625|23.34375|26.8125|31.53125|41.28125|43.9375|50.15625|55.03125	
simple10-uni	10 nodes, compute 1..10, simple dissemination, uniform delay 0.6..1.4	1.|2.|3.|4.|5.|6.|7.|8.|9.|10.	bk	32	Bₖ with less leader modification and k=32	300.	9.375	10000	183|389|553|711|923|1052|1237|1495|1562|1895	constant	1 per confirmed block, split equally between referenced votes	5.65625|12.09375|17.28125|21.8125|28.71875|32.71875|38.3125|46.3125|48.40625|58.6875	
simple10-uni	10 nodes, compute 1..10, simple dissemination, uniform delay 0.6..1.4	1.|2.|3.|4.|5.|6.|7.|8.|9.|10.	bk	32	Bₖ with less leader modification and k=32	600.	18.75	10000	181|350|536|730|968|1045|1276|1433|1667|1814	constant	1 per confirmed block, split equally between referenced votes	5.65625|10.9375|16.6875|22.625|30.09375|32.53125|39.59375|44.53125|51.75|56.59375	
simple10-uni	10 nodes, compute 1..10, simple dissemination, uniform delay 0.6..1.4	1.|2.|3.|4.|5.|6.|7.|8.|9.|10.	bk	64	Bₖ with less leader modification and k=64	30.	0.46875	10000	200|362|569|737|924|1030|1297|1436|1697|1748	constant	1 per confirmed block, split equally between referenced votes	2.90625|5.296875|8.40625|10.78125|13.640625|15.171875|18.984375|20.9375|25.015625|25.859375	
simple10-uni	10 nodes, compute 1..10, simple dissemination, uniform delay 0.6..1.4	1.|2.|3.|4.|5.|6.|7.|8.|9.|10.	bk	64	Bₖ with less leader modification and k=64	60.	0.9375	10000	171|362|520|762|907|1117|1309|1503|1618|1731	constant	1 per confirmed block, split equally between referenced votes	2.59375|5.375|7.8125|11.515625|13.71875|16.859375|19.828125|22.59375|24.5|26.203125	
simple10-uni	10 nodes, compute 1..10, simple dissemination, uniform delay 0.6..1.4	1.|2.|3.|4.|5.|6.|7.|8.|9.|10.	bk	64	Bₖ with less leader modification and k=64	120.	1.875	10000	187|350|522|696|951|1094|1306|1477|1607|1810	constant	1 per confirmed block, split equally between referenced votes	2.8125|5.3125|7.953125|10.609375|14.546875|16.703125|19.953125|22.6875|24.59375|27.828125	
simple10-uni	10 nodes, compute 1..10, simple dissemination, uniform delay 0.6..1.4	1.|2.|3.|4.|5.|6.|7.|8.|9.|10.	bk	64	Bₖ with less leader modification and k=64	300.	4.6875	10000	195|397|556|726|917|1025|1246|1410|1666|1862	constant	1 per confirmed block, split equally between referenced votes	3.03125|6.171875|8.65625|11.28125|14.15625|15.921875|19.3125|21.84375|25.71875|28.90625	
simple10-uni	10 nodes, compute 1..10, simple dissemination, uniform delay 0.6..1.4	1.|2.|3.|4.|5.|6.|7.|8.|9.|10.	bk	64	Bₖ with less leader modification and k=64	600.	9.375	10000	167|375|560|734|932|1119|1271|1487|1627|1728	constant	1 per confirmed block, split equally between referenced votes	2.578125|5.84375|8.703125|11.375|14.421875|17.34375|19.75|22.953125|25.203125|26.828125	
simple10-uni	10 nodes, compute 1..10, simple dissemination, uniform delay 0.6..1.4	1.|2.|3.|4.|5.|6.|7.|8.|9.|10.	bk	128	Bₖ with less leader modification and k=128	30.	0.234375	10000	172|375|549|752|928|1079|1242|1518|1564|1821	constant	1 per confirmed block, split equally between referenced votes	1.203125|2.7265625|3.921875|5.3125|6.6796875|7.7109375|8.8125|11.0078125|11.3828125|13.2421875	
simple10-uni	10 nodes, compute 1..10, simple dissemination, uniform delay 0.6..1.4	1.|2.|3.|4.|5.|6.|7.|8.|9.|10.	bk	128	Bₖ with less leader modification and k=128	60.	0.46875	10000	188|374|529|748|888|1063|1296|1408|1669|1837	constant	1 per confirmed block, split equally between referenced votes	1.3671875|2.78125|3.953125|5.578125|6.59375|7.9765625|9.75|10.59375|12.5234375|13.8828125	
simple10-uni	10 nodes, compute 1..10, simple dissemination, uniform delay 0.6..1.4	1.|2.|3.|4.|5.|6.|7.|8.|9.|10.	bk	128	Bₖ with less leader modification and k=128	120.	0.9375	10000	185|345|554|687|940|1083|1279|1388|1661|1878	constant	1 per confirmed block, split equally between referenced votes	1.40625|2.640625|4.1875|5.1640625|7.1484375|8.2109375|9.71875|10.546875|12.625|14.3515625	
simple10-uni	10 nodes, compute 1..10, simple dissemination, uniform delay 0.6..1.4	1.|2.|3.|4.|5.|6.|7.|8.|9.|10.	bk	128	Bₖ with less leader modification and k=128	300.	2.34375	10000	194|345|489|756|932|1069|1320|1505|1614|1776	constant	1 per confirmed block, split equally between referenced votes	1.5078125|2.671875|3.7578125|5.828125|7.109375|8.234375|10.1328125|11.6015625|12.5078125|13.6484375	
simple10-uni	10 nodes, compute 1..10, simple dissemination, uniform delay 0.6..1.4	1.|2.|3.|4.|5.|6.|7.|8.|9.|10.	bk	128	Bₖ with less leader modification and k=128	600.	4.6875	10000	181|363|545|720|923|1077|1267|1435|1632|1857	constant	1 per confirmed block, split equally between referenced votes	1.3984375|2.796875|4.1953125|5.5546875|7.09375|8.2890625|9.75|11.015625|12.5859375|14.3203125	
simple10-uni	10 nodes, compute 1..10, simple dissemination, uniform delay 0.6..1.4	1.|2.|3.|4.|5.|6.|7.|8.|9.|10.	george	1	George's protocol with k=1	30.	30.	10000	195|358|544|743|877|1071|1293|1463|1605|1851	constant	1 per confirmed block, split equally between referenced pow solutions	191.|345.|528.|724.|849.|1036.|1259.|1422.|1560.|1811.	
simple10-uni	10 nodes, compute 1..10, simple dissemination, uniform delay 0.6..1.4	1.|2.|3.|4.|5.|6.|7.|8.|9.|10.	george	1	George's protocol with k=1	30.	30.	10000	195|358|544|743|877|1071|1293|1463|1605|1851	discount	max 1 per confirmed block, discount for non-linearity, split equally between referenced pow solutions	191.|345.|528.|724.|849.|1036.|1259.|1422.|1560.|1811.	
simple10-uni	10 nodes, compute 1..10, simple dissemination, uniform delay 0.6..1.4	1.|2.|3.|4.|5.|6.|7.|8.|9.|10.	george	1	George's protocol with k=1	30.	30.	10000	195|358|544|743|877|1071|1293|1463|1605|1851	punish	max 1 per confirmed block, 1/k per pow solution on the longest chain of pow solutions	191.|345.|528.|724.|849.|1036.|1259.|1422.|1560.|1811.	
simple10-uni	10 nodes, compute 1..10, simple dissemination, uniform delay 0.6..1.4	1.|2.|3.|4.|5.|6.|7.|8.|9.|10.	george	1	George's protocol with k=1	60.	60.	10000	187|356|563|706|941|1057|1288|1453|1648|1801	constant	1 per confirmed block, split equally between referenced pow solutions	183.|351.|552.|689.|925.|1038.|1267.|1431.|1630.|1774.	
simple10-uni	10 nodes, compute 1..10, simple dissemination, uniform delay 0.6..1.4	1.|2.|3.|4.|5.|6.|7.|8.|9.|10.	george	1	George's protocol with k=1	60.	60.	10000	187|356|563|706|941|1057|1288|1453|1648|1801	discount	max 1 per confirmed block, discount for non-linearity, split equally between referenced pow solutions	183.|351.|552.|689.|925.|1038.|1267.|1431.|1630.|1774.	
simple10-uni	10 nodes, compute 1..10, simple dissemination, uniform delay 0.6..1.4	1.|2.|3.|4.|5.|6.|7.|8.|9.|10.	george	1	George's protocol with k=1	60.	60.	10000	187|356|563|706|941|1057|1288|1453|1648|1801	punish	max 1 per confirmed block, 1/k per pow solution on the longest chain of pow solutions	183.|351.|552.|689.|925.|1038.|1267.|1431.|1630.|1774.	
simple10-uni	10 nodes, compute 1..10, simple dissemination, uniform delay 0.6..1.4	1.|2.|3.|4.|5.|6.|7.|8.|9.|10.	george	1	George's protocol with k=1	120.	120.	10000	191|377|586|740|877|1064|1330|1411|1614|1810	constant	1 per confirmed block, split equally between referenced pow solutions	190.|376.|584.|735.|865.|1053.|1321.|1400.|1600.|1800.	
simple10-uni	10 nodes, compute 1..10, simple dissemination, uniform delay 0.6..1.4	1.|2.|3.|4.|5.|6.|7.|8.|9.|10.	george	1	George's protocol with k=1	120.	120.	10000	191|377|586|740|877|1064|1330|1411|1614|1810	discount	max 1 per confirmed block, discount for non-linearity, split equally between referenced pow solutions	190.|376.|584.|735.|865.|1053.|1321.|1400.|1600.|1800.	
simple10-uni	10 nodes, compute 1..10, simple dissemination, uniform delay 0.6..1.4	1.|2.|3.|4.|5.|6.|7.|8.|9.|10.	george	1	George's protocol with k=1	120.	120.	10000	191|377|586|740|877|1064|1330|1411|1614|1810	punish	max 1 per confirmed block, 1/k per pow solution on the longest chain of pow solutions	190.|376.|584.|735.|865.|1053.|1321.|1400.|1600.|1800.	
simple10-uni	10 nodes, compute 1..10, simple dissemination, uniform delay 0.6..1.4	1.|2.|3.|4.|5.|6.|7.|8.|9.|10.	george	1	George's protocol with k=1	300.	300.	10000	187|382|528|725|956|1064|1230|1444|1653|1831	constant	1 per confirmed block, split equally between referenced pow solutions	187.|381.|527.|721.|954.|1061.|1226.|1440.|1649.|1827.	
simple10-uni	10 nodes, compute 1..10, simple dissemination, uniform delay 0.6..1.4	1.|2.|3.|4.|5.|6.|7.|8.|9.|10.	george	1	George's protocol with k=1	300.	300.	10000	187|382|528|725|956|1064|1230|1444|1653|1831	discount	max 1 per confirmed block, discount for non-linearity, split equally between referenced pow solutions	187.|381.|527.|721.|954.|1061.|1226.|1440.|1649.|1827.	
simple10-uni	10 nodes, compute 1..10, simple dissemination, uniform delay 0.6..1.4	1.|2.|3.|4.|5.|6.|7.|8.|9.|10.	george	1	George's protocol with k=1	300.	300.	10000	187|382|528|725|956|1064|1230|1444|1653|1831	punish	max 1 per confirmed block, 1/k per pow solution on the longest chain of pow solutions	187.|381.|527.|721.|954.|1061.|1226.|1440.|1649.|1827.	
simple10-uni	10 nodes, compute 1..10, simple dissemination, uniform delay 0.6..1.4	1.|2.|3.|4.|5.|6.|7.|8.|9.|10.	george	1	George's protocol with k=1	600.	600.	10000	163|362|555|697|913|1054|1300|1500|1630|1826	constant	1 per confirmed block, split equally between referenced pow solutions	162.|362.|555.|697.|910.|1050.|1299.|1495.|1628.|1823.	
simple10-uni	10 nodes, compute 1..10, simple dissemination, uniform delay 0.6..1.4	1.|2.|3.|4.|5.|6.|7.|8.|9.|10.	george	1	George's protocol with k=1	600.	600.	10000	163|362|555|697|913|1054|1300|1500|1630|1826	discount	max 1 per confirmed block, discount for non-linearity, split equally between referenced pow solutions	162.|362.|555.|697.|910.|1050.|1299.|1495.|1628.|1823.	
simple10-uni	10 nodes, compute 1..10, simple dissemination, uniform delay 0.6..1.4	1.|2.|3.|4.|5.|6.|7.|8.|9.|10.	george	1	George's protocol with k=1	600.	600.	10000	163|362|555|697|913|1054|1300|1500|1630|1826	punish	max 1 per confirmed block, 1/k per pow solution on the longest chain of pow solutions	162.|362.|555.|697.|910.|1050.|1299.|1495.|1628.|1823.	
simple10-uni	10 nodes, compute 1..10, simple dissemination, uniform delay 0.6..1.4	1.|2.|3.|4.|5.|6.|7.|8.|9.|10.	george	2	George's protocol with k=2	30.	15.	10000	188|347|558|726|874|1125|1212|1493|1654|1823	constant	1 per confirmed block, split equally between referenced pow solutions	86.5|163.|263.5|339.5|414.5|532.|565.|709.|780.|866.	
simple10-uni	10 nodes, compute 1..10, simple dissemination, uniform delay 0.6..1.4	1.|2.|3.|4.|5.|6.|7.|8.|9.|10.	george	2	George's protocol with k=2	30.	15.	10000	188|347|558|726|874|1125|1212|1493|1654|1823	discount	max 1 per confirmed block, discount for non-linearity, split equally between referenced pow solutions	86.5|163.|263.5|339.5|414.5|532.|565.|709.|780.|866.	
simple10-uni	10 nodes, compute 1..10, simple dissemination, uniform delay 0.6..1.4	1.|2.|3.|4.|5.|6.|7.|8.|9.|10.	george	2	George's protocol with k=2	30.	15.	10000	188|347|558|726|874|1125|1212|1493|1654|1823	punish	max 1 per confirmed block, 1/k per pow solution on the longest chain of pow solutions	86.5|163.|263.5|339.5|414.5|532.|565.|709.|780.|866.	
simple10-uni	10 nodes, compute 1..10, simple dissemination, uniform delay 0.6..1.4	1.|2.|3.|4.|5.|6.|7.|8.|9.|10.	george	2	George's protocol with k=2	60.	30.	10000	193|343|522|724|925|1079|1232|1515|1668|1799	constant	1 per confirmed block, split equally between referenced pow solutions	92.5|166.5|250.5|352.|451.|528.5|597.|737.5|813.5|881.	
simple10-uni	10 nodes, compute 1..10, simple dissemination, uniform delay 0.6..1.4	1.|2.|3.|4.|5.|6.|7.|8.|9.|10.	george	2	George's protocol with k=2	60.	30.	10000	193|343|522|724|925|1079|1232|1515|1668|1799	discount	max 1 per confirmed block, discount for non-linearity, split equally between referenced pow solutions	92.5|166.5|250.5|352.|451.|528.5|597.|737.5|813.5|881.	
simple10-uni	10 nodes, compute 1..10, simple dissemination, uniform delay 0.6..1.4	1.|2.|3.|4.|5.|6.|7.|8.|9.|10.	george	2	George's protocol with k=2	60.	30.	10000	193|343|522|724|925|1079|1232|1515|1668|1799	punish	max 1 per confirmed block, 1/k per pow solution on the longest chain of pow solutions	92.5|166.5|250.5|352.|451.|528.5|597.|737.5|813.5|881.	
simple10-uni	10 nodes, compute 1..10, simple dissemination, uniform delay 0.6..1.4	1.|2.|3.|4.|5.|6.|7.|8.|9.|10.	george	2	George's protocol with k=2	120.	60.	10000	182|379|606|786|880|1090|1227|1409|1639|1802	constant	1 per confirmed block, split equally between referenced pow solutions	87.5|187.|298.|385.|432.5|539.|603.|697.5|810.5|885.	
simple10-uni	10 nodes, compute 1..10, simple dissemination, uniform delay 0.6..1.4	1.|2.|3.|4.|5.|6.|7.|8.|9.|10.	george	2	George's protocol with k=2	120.	60.	10000	182|379|606|786|880|1090|1227|1409|1639|1802	discount	max 1 per confirmed block, discount for non-linearity, split equally between referenced pow solutions	87.5|187.|298.|385.|432.5|539.|603.|697.5|810.5|885.	
simple10-uni	10 nodes, compute 1..10, simple dissemination, uniform delay 0.6..1.4	1.|2.|3.|4.|5.|6.|7.|8.|9.|10.	george	2	George's protocol with k=2	120.	60.	10000	182|379|606|786|880|1090|1227|1409|1639|1802	punish	max 1 per confirmed block, 1/k per pow solution on the longest chain of pow solutions	87.5|187.|298.|385.|432.5|539.|603.|697.5|810.5|885.	
simple10-uni	10 nodes, compute 1..10, simple dissemination, uniform delay 0.6..1.4	1.|2.|3.|4.|5.|6.|7.|8.|9.|10.	george	2	George's protocol with k=2	300.	150.	10000	181|355|470|713|982|997|1304|1527|1682|1789	constant	1 per confirmed block, split equally between referenced pow solutions	90.5|177.|232.5|355.|488.|494.|648.5|759.5|835.|892.	
simple10-uni	10 nodes, compute 1..10, simple dissemination, uniform delay 0.6..1.4	1.|2.|3.|4.|5.|6.|7.|8.|9.|10.	george	2	George's protocol with k=2	300.	150.	10000	181|355|470|713|982|997|1304|1527|1682|1789	discount	max 1 per confirmed block, discount for non-linearity, split equally between referenced pow solutions	90.5|177.|232.5|355.|488.|494.|648.5|759.5|835.|892.	
simple10-uni	10 nodes, compute 1..10, simple dissemination, uniform delay 0.6..1.4	1.|2.|3.|4.|5.|6.|7.|8.|9.|10.	george	2	George's protocol with k=2	300.	150.	10000	181|355|470|713|982|997|1304|1527|1682|1789	punish	max 1 per confirmed block, 1/k per pow solution on the longest chain of pow solutions	90.5|177.|232.5|355.|488.|494.|648.5|759.5|835.|892.	
simple10-uni	10 nodes, compute 1..10, simple dissemination, uniform delay 0.6..1.4	1.|2.|3.|4.|5.|6.|7.|8.|9.|10.	george	2	George's protocol with k=2	600.	300.	10000	157|371|549|708|893|1092|1281|1426|1675|1848	constant	1 per confirmed block, split equally between referenced pow solutions	78.5|185.|274.|354.|445.5|544.5|635.5|710.5|831.5|922.	
simple10-uni	10 nodes, compute 1..10, simple dissemination, uniform delay 0.6..1.4	1.|2.|3.|4.|5.|6.|7.|8.|9.|10.	george	2	George's protocol with k=2	600.	300.	10000	157|371|549|708|893|1092|1281|1426|1675|1848	discount	max 1 per confirmed block, discount for non-linearity, split equally between referenced pow solutions	78.5|185.|274.|354.|445.5|544.5|635.5|710.5|831.5|922.	
simple10-uni	10 nodes, compute 1..10, simple dissemination, uniform delay 0.6..1.4	1.|2.|3.|4.|5.|6.|7.|8.|9.|10.	george	2	George's protocol with k=2	600.	300.	10000	157|371|549|708|893|1092|1281|1426|1675|1848	punish	max 1 per confirmed block, 1/k per pow solution on the longest chain of pow solutions	78.5|185.|274.|354.|445.5|544.5|635.5|710.5|831.5|922.	
simple10-uni	10 nodes, compute 1..10, simple dissemination, uniform delay 0.6..1.4	1.|2.|3.|4.|5.|6.|7.|8.|9.|10.	george	4	George's protocol with k=4	30.	7.5	10000	165|371|524|703|908|1106|1256|1516|1645|1806	constant	1 per confirmed block, split equally between referenced pow solutions	40.|87.5|124.25|165.5|213.25|262.75|293.|360.|392.25|423.5	
simple10-uni	10 nodes, compute 1..10, simple dissemination, uniform delay 0.6..1.4	1.|2.|3.|4.|5.|6.|7.|8.|9.|10.	george	4	George's protocol with k=4	30.	7.5	10000	165|371|524|703|908|1106|1256|1516|1645|1806	discount	max 1 per confirmed block, discount for non-linearity, split equally between referenced pow solutions	37.9375|83.625|117.5625|158.|204.625|249.|278.75|342.3125|373.1875|402.	
simple10-uni	10 nodes, compute 1..10, simple dissemination, uniform delay 0.6..1.4	1.|2.|3.|4.|5.|6.|7.|8.|9.|10.	george	4	George's protocol with k=4	30.	7.5	10000	165|371|524|703|908|1106|1256|1516|1645|1806	punish	max 1 per confirmed block, 1/k per pow solution on the longest chain of pow solutions	37.75|81.5|116.25|155.25|206.75|247.25|280.75|345.|373.75|402.75	
simple10-uni	10 nodes, compute 1..10, simple dissemination, uniform delay 0.6..1.4	1.|2.|3.|4.|5.|6.|7.|8.|9.|10.	george	4	George's protocol with k=4	60.	15.	10000	173|351|503|706|916|1057|1278|1451|1715|1850	constant	1 per confirmed block, split equally between referenced pow solutions	42.5|85.75|124.25|169.|221.|256.5|307.|353.|417.75|452.25	
simple10-uni	10 nodes, compute 1..10, simple dissemination, uniform delay 0.6..1.4	1.|2.|3.|4.|5.|6.|7.|8.|9.|10.	george	4	George's protocol with k=4	60.	15.	10000	173|351|503|706|916|1057|1278|1451|1715|1850	discount	max 1 per confirmed block, discount for non-linearity, split equally between referenced pow solutions	41.25|83.5|121.5|165.|215.1875|249.|298.6875|343.|406.5625|439.5625	
simple10-uni	10 nodes, compute 1..10, simple dissemination, uniform delay 0.6..1.4	1.|2.|3.|4.|5.|6.|7.|8.|9.|10.	george	4	George's protocol with k=4	60.	15.	10000	173|351|503|706|916|1057|1278|1451|1715|1850	punish	max 1 per confirmed block, 1/k per pow solution on the longest chain of pow solutions	41.25|81.5|121.75|166.25|215.|250.25|301.|342.25|407.25|436.75	
simple10-uni	10 nodes, compute 1..10, simple dissemination, uniform delay 0.6..1.4	1.|2.|3.|4.|5.|6.|7.|8.|9.|10.	george	4	George's protocol with k=4	120.	30.	10000	192|372|551|685|923|1121|1334|1386|1657|1779	constant	1 per confirmed block, split equally between referenced pow solutions	46.5|91.|135.|170.5|228.5|277.25|328.75|341.75|408.5|436.25	
simple10-uni	10 nodes, compute 1..10, simple dissemination, uniform delay 0.6..1.4	1.|2.|3.|4.|5.|6.|7.|8.|9.|10.	george	4	George's protocol with k=4	120.	30.	10000	192|372|551|685|923|1121|1334|1386|1657|1779	discount	max 1 per confirmed block, discount for non-linearity, split equally between referenced pow solutions	45.625|90.0625|133.4375|168.0625|225.3125|272.75|324.4375|338.25|402.875|430.9375	
simple10-uni	10 nodes, compute 1..10, simple dissemination, uniform delay 0.6..1.4	1.|2.|3.|4.|5.|6.|7.|8.|9.|10.	george	4	George's protocol with k=4	120.	30.	10000	192|372|551|685|923|1121|1334|1386|1657|1779	punish	max 1 per confirmed block, 1/k per pow solution on the longest chain of pow solutions	45.5|90.5|134.75|169.75|223.5|272.75|324.75|335.5|403.25|431.5	
simple10-uni	10 nodes, compute 1..10, simple dissemination, uniform delay 0.6..1.4	1.|2.|3.|4.|5.|6.|7.|8.|9.|10.	george	4	George's protocol with k=4	300.	75.	10000	193|340|525|731|921|1057|1318|1449|1597|1869	constant	1 per confirmed block, split equally between referenced pow solutions	48.25|84.25|130.|181.25|229.5|262.25|328.25|360.25|396.5|463.5	
simple10-uni	10 nodes, compute 1..10, simple dissemination, uniform delay 0.6..1.4	1.|2.|3.|4.|5.|6.|7.|8.|9.|10.	george	4	George's protocol with k=4	300.	75.	10000	193|340|525|731|921|1057|1318|1449|1597|1869	discount	max 1 per confirmed block, discount for non-linearity, split equally between referenced pow solutions	47.8125|83.5|129.375|180.3125|228.|260.375|325.375|358.125|393.4375|460.6875	
simple10-uni	10 nodes, compute 1..10, simple dissemination, uniform delay 0.6..1.4	1.|2.|3.|4.|5.|6.|7.|8.|9.|10.	george	4	George's protocol with k=4	300.	75.	10000	193|340|525|731|921|1057|1318|1449|1597|1869	punish	max 1 per confirmed block, 1/k per pow solution on the longest chain of pow solutions	47.75|83.5|129.5|180.25|226.25|260.25|325.|358.75|394.25|461.5	
simple10-uni	10 nodes, compute 1..10, simple dissemination, uniform delay 0.6..1.4	1.|2.|3.|4.|5.|6.|7.|8.|9.|10.	george	4	George's protocol with k=4	600.	150.	10000	177|351|556|766|875|1076|1272|1443|1665|1819	constant	1 per confirmed block, split equally between referenced pow solutions	44.25|87.5|138.5|191.|218.25|268.|317.25|359.75|415.25|452.25	
simple10-uni	10 nodes, compute 1..10, simple dissemination, uniform delay 0.6..1.4	1.|2.|3.|4.|5.|6.|7.|8.|9.|10.	george	4	George's protocol with k=4	600.	150.	10000	177|351|556|766|875|1076|1272|1443|1665|1819	discount	max 1 per confirmed block, discount for non-linearity, split equally between referenced pow solutions	44.0625|87.3125|137.875|190.375|217.9375|267.|316.5|358.4375|413.9375|450.8125	
simple10-uni	10 nodes, compute 1..10, simple dissemination, uniform delay 0.6..1.4	1.|2.|3.|4.|5.|6.|7.|8.|9.|10.	george	4	George's protocol with k=4	600.	150.	10000	177|351|556|766|875|1076|1272|1443|1665|1819	punish	max 1 per confirmed block, 1/k per pow solution on the longest chain of pow solutions	44.25|87.5|137.75|189.5|218.5|268.25|315.75|358.5|414.|450.25	
simple10-uni	10 nodes, compute 1..10, simple dissemination, uniform delay 0.6..1.4	1.|2.|3.|4.|5.|6.|7.|8.|9.|10.	george	8	George's protocol with k=8	30.	3.75	10000	195|351|516|739|918|1044|1319|1454|1587|1877	constant	1 per confirmed block, split equally between referenced pow solutions	22.875|42.125|60.5|86.375|109.|122.25|156.125|172.375|187.25|223.125	
simple10-uni	10 nodes, compute 1..10, simple dissemination, uniform delay 0.6..1.4	1.|2.|3.|4.|5.|6.|7.|8.|9.|10.	george	8	George's protocol with k=8	30.	3.75	10000	195|351|516|739|918|1044|1319|1454|1587|1877	discount	max 1 per confirmed block, discount for non-linearity, split equally between referenced pow solutions	19.953125|36.453125|52.265625|74.5|94.4375|106.484375|136.03125|149.734375|163.890625|193.625	
simple10-uni	10 nodes, compute 1..10, simple dissemination, uniform delay 0.6..1.4	1.|2.|3.|4.|5.|6.|7.|8.|9.|10.	george	8	George's protocol with k=8	30.	3.75	10000	195|351|516|739|918|1044|1319|1454|1587|1877	punish	max 1 per confirmed block, 1/k per pow solution on the longest chain of pow solutions	19.125|34.5|49.25|70.875|93.|105.|137.625|152.625|167.25|198.125	
simple10-uni	10 nodes, compute 1..10, simple dissemination, uniform delay 0.6..1.4	1.|2.|3.|4.|5.|6.|7.|8.|9.|10.	george	8	George's protocol with k=8	60.	7.5	10000	178|351|518|707|947|1065|1268|1478|1692|1796	constant	1 per confirmed block, split equally between referenced pow solutions	21.|42.5|63.375|86.75|114.5|129.375|155.5|178.375|205.125|218.5	
simple10-uni	10 nodes, compute 1..10, simple dissemination, uniform delay 0.6..1.4	1.|2.|3.|4.|5.|6.|7.|8.|9.|10.	george	8	George's protocol with k=8	60.	7.5	10000	178|351|518|707|947|1065|1268|1478|1692|1796	discount	max 1 per confirmed block, discount for non-linearity, split equally between referenced pow solutions	19.359375|39.328125|58.359375|79.9375|105.359375|119.15625|142.875|164.|189.953125|201.296875	
simple10-uni	10 nodes, compute 1..10, simple dissemination, uniform delay 0.6..1.4	1.|2.|3.|4.|5.|6.|7.|8.|9.|10.	george	8	George's protocol with k=8	60.	7.5	10000	178|351|518|707|947|1065|1268|1478|1692|1796	punish	max 1 per confirmed block, 1/k per pow solution on the longest chain of pow solutions	19.375|38.625|57.5|77.75|103.5|119.5|142.625|164.625|194.|202.125	
simple10-uni	10 nodes, compute 1..10, simple dissemination, uniform delay 0.6..1.4	1.|2.|3.|4.|5.|6.|7.|8.|9.|10.	george	8	George's protocol with k=8	120.	15.	10000	174|342|549|677|863|1104|1357|1450|1643|1841	constant	1 per confirmed block, split equally between referenced pow solutions	21.5|42.125|68.25|83.25|105.75|136.|166.5|178.375|202.125|227.125	
simple10-uni	10 nodes, compute 1..10, simple dissemination, uniform delay 0.6..1.4	1.|2.|3.|4.|5.|6.|7.|8.|9.|10.	george	8	George's protocol with k=8	120.	15.	10000	174|342|549|677|863|1104|1357|1450|1643|1841	discount	max 1 per confirmed block, discount for non-linearity, split equally between referenced pow solutions	20.515625|40.671875|65.140625|79.875|101.765625|130.4375|160.1875|171.390625|195.21875|218.671875	
simple10-uni	10 nodes, compute 1..10, simple dissemination, uniform delay 0.6..1.4	1.|2.|3.|4.|5.|6.|7.|8.|9.|10.	george	8	George's protocol with k=8	120.	15.	10000	174|342|549|677|863|1104|1357|1450|1643|1841	punish	max 1 per confirmed block, 1/k per pow solution on the longest chain of pow solutions	20.625|40.25|63.125|79.875|102.625|130.875|159.5|172.5|194.25|220.25	
simple10-uni	10 nodes, compute 1..10, simple dissemination, uniform delay 0.6..1.4	1.|2.|3.|4.|5.|6.|7.|8.|9.|10.	george	8	George's protocol with k=8	300.	37.5	10000	205|355|582|722|941|1043|1283|1452|1602|1815	constant	1 per confirmed block, split equally between referenced pow solutions	25.625|44.25|72.125|89.625|117.125|129.625|159.625|179.375|198.625|225.	
simple10-uni	10 nodes, compute 1..10, simple dissemination, uniform delay 0.6..1.4	1.|2.|3.|4.|5.|6.|7.|8.|9.|10.	george	8	George's protocol with k=8	300.	37.5	10000	205|355|582|722|941|1043|1283|1452|1602|1815	discount	max 1 per confirmed block, discount for non-linearity, split equally between referenced pow solutions	25.125|43.734375|70.859375|88.0625|115.203125|127.4375|156.9375|176.46875|195.5|221.171875	
simple10-uni	10 nodes, compute 1..10, simple dissemination, uniform delay 0.6..1.4	1.|2.|3.|4.|5.|6.|7.|8.|9.|10.	george	8	George's protocol with k=8	300.	37.5	10000	205|355|582|722|941|1043|1283|1452|1602|1815	punish	max 1 per confirmed block, 1/k per pow solution on the longest chain of pow solutions	25.|43.25|70.75|89.|114.25|127.25|156.5|176.875|196.|221.625	
simple10-uni	10 nodes, compute 1..10, simple dissemination, uniform delay 0.6..1.4	1.|2.|3.|4.|5.|6.|7.|8.|9.|10.	george	8	George's protocol with k=8	600.	75.	10000	209|368|531|729|912|1066|1264|1440|1644|1837	constant	1 per confirmed block, split equally between referenced pow solutions	26.|45.875|66.375|90.625|113.625|132.625|157.625|179.|205.125|229.125	
simple10-uni	10 nodes, compute 1..10, simple dissemination, uniform delay 0.6..1.4	1.|2.|3.|4.|5.|6.|7.|8.|9.|10.	george	8	George's protocol with k=8	600.	75.	10000	209|368|531|729|912|1066|1264|1440|1644|1837	discount	max 1 per confirmed block, discount for non-linearity, split equally between referenced pow solutions	25.734375|45.375|65.625|89.734375|112.5625|131.421875|156.1875|177.546875|203.34375|227.21875	
simple10-uni	10 nodes, compute 1..10, simple dissemination, uniform delay 0.6..1.4	1.|2.|3.|4.|5.|6.|7.|8.|9.|10.	george	8	George's protocol with k=8	600.	75.	10000	209|368|531|729|912|1066|1264|1440|1644|1837	punish	max 1 per confirmed block, 1/k per pow solution on the longest chain of pow solutions	25.5|45.25|65.75|89.5|112.5|131.5|156.625|177.|203.625|227.5	
simple10-uni	10 nodes, compute 1..10, simple dissemination, uniform delay 0.6..1.4	1.|2.|3.|4.|5.|6.|7.|8.|9.|10.	george	16	George's protocol with k=16	30.	1.875	10000	180|358|545|709|929|1051|1224|1497|1690|1817	constant	1 per confirmed block, split equally between referenced pow solutions	10.6875|21.0625|31.875|41.0625|53.6875|61.125|72.3125|87.8125|99.875|107.5	
simple10-uni	10 nodes, compute 1..10, simple dissemination, uniform delay 0.6..1.4	1.|2.|3.|4.|5.|6.|7.|8.|9.|10.	george	16	George's protocol with k=16	30.	1.875	10000	180|358|545|709|929|1051|1224|1497|1690|1817	discount	max 1 per confirmed block, discount for non-linearity, split equally between referenced pow solutions	7.859375|15.41015625|23.68359375|30.32421875|39.6953125|45.12109375|53.87890625|65.5390625|74.890625|80.16015625	
simple10-uni	10 nodes, compute 1..10, simple dissemination, uniform delay 0.6..1.4	1.|2.|3.|4.|5.|6.|7.|8.|9.|10.	george	16	George's protocol with k=16	30.	1.875	10000	180|358|545|709|929|1051|1224|1497|1690|1817	punish	max 1 per confirmed block, 1/k per pow solution on the longest chain of pow solutions	6.6875|14.25|21.3125|29.1875|36.875|46.|53.25|66.5625|79.125|83.3125	
simple10-uni	10 nodes, compute 1..10, simple dissemination, uniform delay 0.6..1.4	1.|2.|3.|4.|5.|6.|7.|8.|9.|10.	george	16	George's protocol with k=16	60.	3.75	10000	180|353|558|731|884|1060|1301|1441|1648|1844	constant	1 per confirmed block, split equally between referenced pow solutions	10.8125|21.3125|33.625|44.0625|53.0625|64.5625|78.8125|88.1875|100.3125|112.25	
simple10-uni	10 nodes, compute 1..10, simple dissemination, uniform delay 0.6..1.4	1.|2.|3.|4.|5.|6.|7.|8.|9.|10.	george	16	George's protocol with k=16	60.	3.75	10000	180|353|558|731|884|1060|1301|1441|1648|1844	discount	max 1 per confirmed block, discount for non-linearity, split equally between referenced pow solutions	9.13671875|17.875|28.33984375|37.2578125|44.78515625|54.53515625|66.4140625|74.44921875|84.890625|94.87890625	
simple10-uni	10 nodes, compute 1..10, simple dissemination, uniform delay 0.6..1.4	1.|2.|3.|4.|5.|6.|7.|8.|9.|10.	george	16	George's protocol with k=16	60.	3.75	10000	180|353|558|731|884|1060|1301|1441|1648|1844	punish	max 1 per confirmed block, 1/k per pow solution on the longest chain of pow solutions	8.6875|17.75|25.875|36.375|44.75|53.9375|66.8125|74.6875|87.0625|96.625	
simple10-uni	10 nodes, compute 1..10, simple dissemination, uniform delay 0.6..1.4	1.|2.|3.|4.|5.|6.|7.|8.|9.|10.	george	16	George's protocol with k=16	120.	7.5	10000	197|362|587|697|973|1064|1270|1444|1578|1828	constant	1 per confirmed block, split equally between referenced pow solutions	11.8125|22.25|36.5|43.25|60.1875|65.5625|77.8125|89.0625|97.25|112.3125	
simple10-uni	10 nodes, compute 1..10, simple dissemination, uniform delay 0.6..1.4	1.|2.|3.|4.|5.|6.|7.|8.|9.|10.	george	16	George's protocol with k=16	120.	7.5	10000	197|362|587|697|973|1064|1270|1444|1578|1828	discount	max 1 per confirmed block, discount for non-linearity, split equally between referenced pow solutions	10.7578125|20.3828125|33.359375|39.421875|55.10546875|59.94140625|71.015625|81.5703125|88.89453125|102.61328125	
simple10-uni	10 nodes, compute 1..10, simple dissemination, uniform delay 0.6..1.4	1.|2.|3.|4.|5.|6.|7.|8.|9.|10.	george	16	George's protocol with k=16	120.	7.5	10000	197|362|587|697|973|1064|1270|1444|1578|1828	punish	max 1 per confirmed block, 1/k per pow solution on the longest chain of pow solutions	10.5|19.625|32.75|39.1875|54.125|60.25|71.625|82.1875|89.25|103.5625	
simple10-uni	10 nodes, compute 1..10, simple dissemination, uniform delay 0.6..1.4	1.|2.|3.|4.|5.|6.|7.|8.|9.|10.	george	16	George's protocol with k=16	300.	18.75	10000	185|377|549|704|876|1098|1330|1449|1649|1783	constant	1 per confirmed block, split equally between referenced pow solutions	11.5|23.5|34.125|43.8125|54.5625|67.875|82.5|90.0625|102.4375|110.625	
simple10-uni	10 nodes, compute 1..10, simple dissemination, uniform delay 0.6..1.4	1.|2.|3.|4.|5.|6.|7.|8.|9.|10.	george	16	George's protocol with k=16	300.	18.75	10000	185|377|549|704|876|1098|1330|1449|1649|1783	discount	max 1 per confirmed block, discount for non-linearity, split equally between referenced pow solutions	11.06640625|22.53125|32.7890625|41.99609375|52.44140625|65.10546875|79.19140625|86.5703125|98.28515625|106.2109375	
simple10-uni	10 nodes, compute 1..10, simple dissemination, uniform delay 0.6..1.4	1.|2.|3.|4.|5.|6.|7.|8.|9.|10.	george	16	George's protocol with k=16	300.	18.75	10000	185|377|549|704|876|1098|1330|1449|1649|1783	punish	max 1 per confirmed block, 1/k per pow solution on the longest chain of pow solutions	11.0625|22.25|32.625|41.6875|51.8125|65.1875|79.625|85.9375|99.3125|106.6875	
simple10-uni	10 nodes, compute 1..10, simple dissemination, uniform delay 0.6..1.4	1.|2.|3.|4.|5.|6.|7.|8.|9.|10.	george	16	George's protocol with k=16	600.	37.5	10000	214|366|555|725|898|1085|1293|1470|1593|1801	constant	1 per confirmed block, split equally between referenced pow solutions	13.3125|22.75|34.5625|45.|56.0625|67.5625|80.5625|91.6875|99.4375|112.0625	
simple10-uni	10 nodes, compute 1..10, simple dissemination, uniform delay 0.6..1.4	1.|2.|3.|4.|5.|6.|7.|8.|9.|10.	george	16	George's protocol with k=16	600.	37.5	10000	214|366|555|725|898|1085|1293|1470|1593|1801	discount	max 1 per confirmed block, discount for non-linearity, split equally between referenced pow solutions	13.0625|22.27734375|33.92578125|44.171875|55.1015625|66.28125|79.1171875|90.19921875|97.828125|110.09765625	
simple10-uni	10 nodes, compute 1..10, simple dissemination, uniform delay 0.6..1.4	1.|2.|3.|4.|5.|6.|7.|8.|9.|10.	george	16	George's protocol with k=16	600.	37.5	10000	214|366|555|725|898|1085|1293|1470|1593|1801	punish	max 1 per confirmed block, 1/k per pow solution on the longest chain of pow solutions	13.0625|22.4375|33.75|44.25|54.875|66.3125|79.125|90.6875|97.75|109.8125	
simple10-uni	10 nodes, compute 1..10, simple dissemination, uniform delay 0.6..1.4	1.|2.|3.|4.|5.|6.|7.|8.|9.|10.	george	32	George's protocol with k=32	30.	0.9375	10000	194|335|570|727|883|1108|1279|1419|1667|1818	constant	1 per confirmed block, split equally between referenced pow solutions	5.59375|9.96875|16.4375|21.09375|25.71875|32.53125|37.28125|41.8125|49.53125|54.03125	
simple10-uni	10 nodes, compute 1..10, simple dissemination, uniform delay 0.6..1.4	1.|2.|3.|4.|5.|6.|7.|8.|9.|10.	george	32	George's protocol with k=32	30.	0.9375	10000	194|335|570|727|883|1108|1279|1419|1667|1818	discount	max 1 per confirmed block, discount for non-linearity, split equally between referenced pow solutions	3.416015625|5.9345703125|9.7958984375|12.6083984375|15.4716796875|19.5361328125|22.3154296875|25.123046875|29.8466796875|32.4208984375	
simple10-uni	10 nodes, compute 1..10, simple dissemination, uniform delay 0.6..1.4	1.|2.|3.|4.|5.|6.|7.|8.|9.|10.	george	32	George's protocol with k=32	30.	0.9375	10000	194|335|570|727|883|1108|1279|1419|1667|1818	punish	max 1 per confirmed block, 1/k per pow solution on the longest chain of pow solutions	2.71875|4.8125|8.4375|12.09375|14.53125|17.53125|22.75|26.03125|31.21875|36.34375	
simple10-uni	10 nodes, compute 1..10, simple dissemination, uniform delay 0.6..1.4	1.|2.|3.|4.|5.|6.|7.|8.|9.|10.	george	32	George's protocol with k=32	60.	1.875	10000	160|377|551|669|910|1126|1307|1431|1617|1852	constant	1 per confirmed block, split equally between referenced pow solutions	4.84375|11.40625|16.75|20.28125|27.53125|33.96875|39.8125|43.59375|49.34375|56.46875	
simple10-uni	10 nodes, compute 1..10, simple dissemination, uniform delay 0.6..1.4	1.|2.|3.|4.|5.|6.|7.|8.|9.|10.	george	32	George's protocol with k=32	60.	1.875	10000	160|377|551|669|910|1126|1307|1431|1617|1852	discount	max 1 per confirmed block, discount for non-linearity, split equally between referenced pow solutions	3.4755859375|8.2177734375|12.21484375|14.7265625|19.77734375|24.5517578125|28.86328125|31.5087890625|35.7431640625|40.8896484375	
simple10-uni	10 nodes, compute 1..10, simple dissemination, uniform delay 0.6..1.4	1.|2.|3.|4.|5.|6.|7.|8.|9.|10.	george	32	George's protocol with k=32	60.	1.875	10000	160|377|551|669|910|1126|1307|1431|1617|1852	punish	max 1 per confirmed block, 1/k per pow solution on the longest chain of pow solutions	3.0625|7.59375|11.3125|14.3125|18.9375|23.8125|29.65625|32.1875|36.5625|42.53125	
simple10-uni	10 nodes, compute 1..10, simple dissemination, uniform delay 0.6..1.4	1.|2.|3.|4.|5.|6.|7.|8.|9.|10.	george	32	George's protocol with k=32	120.	3.75	10000	190|339|589|722|900|1115|1298|1390|1644|1813	constant	1 per confirmed block, split equally between referenced pow solutions	5.75|10.46875|18.1875|22.09375|27.53125|34.34375|39.625|42.53125|50.65625|55.8125	
simple10-uni	10 nodes, compute 1..10, simple dissemination, uniform delay 0.6..1.4	1.|2.|3.|4.|5.|6.|7.|8.|9.|10.	george	32	George's protocol with k=32	120.	3.75	10000	190|339|589|722|900|1115|1298|1390|1644|1813	discount	max 1 per confirmed block, discount for non-linearity, split equally between referenced pow solutions	4.748046875|8.69921875|15.0283203125|18.21484375|22.8408203125|28.4736328125|32.85546875|35.22265625|41.95703125|46.1474609375	
simple10-uni	10 nodes, compute 1..10, simple dissemination, uniform delay 0.6..1.4	1.|2.|3.|4.|5.|6.|7.|8.|9.|10.	george	32	George's protocol with k=32	120.	3.75	10000	190|339|589|722|900|1115|1298|1390|1644|1813	punish	max 1 per confirmed block, 1/k per pow solution on the longest chain of pow solutions	4.46875|8.6875|14.5|17.9375|22.4375|29.|32.5|34.84375|42.59375|47.21875	
simple10-uni	10 nodes, compute 1..10, simple dissemination, uniform delay 0.6..1.4	1.|2.|3.|4.|5.|6.|7.|8.|9.|10.	george	32	George's protocol with k=32	300.	9.375	10000	175|378|514|716|956|1142|1225|1468|1649|1777	constant	1 per confirmed block, split equally between referenced pow solutions	5.46875|11.75|15.96875|22.09375|29.65625|35.3125|38.03125|45.5625|51.0625|55.09375	
simple10-uni	10 nodes, compute 1..10, simple dissemination, uniform delay 0.6..1.4	1.|2.|3.|4.|5.|6.|7.|8.|9.|10.	george	32	George's protocol with k=32	300.	9.375	10000	175|378|514|716|956|1142|1225|1468|1649|1777	discount	max 1 per confirmed block, discount for non-linearity, split equally between referenced pow solutions	5.07421875|10.8642578125|14.7470703125|20.5146484375|27.2431640625|32.6689453125|35.1689453125|42.13671875|47.3505859375|50.9501953125	
simple10-uni	10 nodes, compute 1..10, simple dissemination, uniform delay 0.6..1.4	1.|2.|3.|4.|5.|6.|7.|8.|9.|10.	george	32	George's protocol with k=32	300.	9.375	10000	175|378|514|716|956|1142|1225|1468|1649|1777	punish	max 1 per confirmed block, 1/k per pow solution on the longest chain of pow solutions	5.125|10.625|14.15625|20.34375|27.21875|32.78125|35.25|42.375|47.78125|51.0625	
simple10-uni	10 nodes, compute 1..10, simple dissemination, uniform delay 0.6..1.4	1.|2.|3.|4.|5.|6.|7.|8.|9.|10.	george	32	George's protocol with k=32	600.	18.75	10000	193|357|505|733|906|1076|1257|1467|1653|1853	constant	1 per confirmed block, split equally between referenced pow solutions	5.875|11.0625|15.78125|22.6875|28.25|33.40625|39.1875|45.65625|51.34375|57.75	
simple10-uni	10 nodes, compute 1..10, simple dissemination, uniform delay 0.6..1.4	1.|2.|3.|4.|5.|6.|7.|8.|9.|10.	george	32	George's protocol with k=32	600.	18.75	10000	193|357|505|733|906|1076|1257|1467|1653|1853	discount	max 1 per confirmed block, discount for non-linearity, split equally between referenced pow solutions	5.6015625|10.556640625|15.05859375|21.6630859375|27.0380859375|32.|37.5087890625|43.6220703125|49.083984375|55.1796875	
simple10-uni	10 nodes, compute 1..10, simple dissemination, uniform delay 0.6..1.4	1.|2.|3.|4.|5.|6.|7.|8.|9.|10.	george	32	George's protocol with k=32	600.	18.75	10000	193|357|505|733|906|1076|1257|1467|1653|1853	punish	max 1 per confirmed block, 1/k per pow solution on the longest chain of pow solutions	5.6875|10.40625|14.8125|21.46875|26.8125|32.03125|37.5625|43.78125|49.34375|55.40625	
simple10-uni	10 nodes, compute 1..10, simple dissemination, uniform delay 0.6..1.4	1.|2.|3.|4.|5.|6.|7.|8.|9.|10.	george	64	George's protocol with k=64	30.	0.46875	10000	205|363|546|735|909|1080|1260|1429|1590|1883	constant	1 per confirmed block, split equally between referenced pow solutions	3.|5.28125|7.8125|10.6875|13.28125|15.578125|18.515625|20.84375|23.40625|27.59375	
simple10-uni	10 nodes, compute 1..10, simple dissemination, uniform delay 0.6..1.4	1.|2.|3.|4.|5.|6.|7.|8.|9.|10.	george	64	George's protocol with k=64	30.	0.46875	10000	205|363|546|735|909|1080|1260|1429|1590|1883	discount	max 1 per confirmed block, discount for non-linearity, split equally between referenced pow solutions	1.341796875|2.376953125|3.50610351562|4.79638671875|5.94262695312|7.02124023438|8.3232421875|9.39013671875|10.5480957031|12.4721679688	
simple10-uni	10 nodes, compute 1..10, simple dissemination, uniform delay 0.6..1.4	1.|2.|3.|4.|5.|6.|7.|8.|9.|10.	george	64	George's protocol with k=64	30.	0.46875	10000	205|363|546|735|909|1080|1260|1429|1590|1883	punish	max 1 per confirmed block, 1/k per pow solution on the longest chain of pow solutions	0.84375|1.5625|2.34375|3.5|4.5625|6.125|7.859375|10.40625|11.703125|16.8125	
simple10-uni	10 nodes, compute 1..10, simple dissemination, uniform delay 0.6..1.4	1.|2.|3.|4.|5.|6.|7.|8.|9.|10.	george	64	George's protocol with k=64	60.	0.9375	10000	187|338|544|715|902|1062|1296|1477|1611|1868	constant	1 per confirmed block, split equally between referenced pow solutions	2.78125|5.0625|8.15625|10.703125|13.671875|15.953125|19.640625|22.28125|24.421875|28.328125	
simple10-uni	10 nodes, compute 1..10, simple dissemination, uniform delay 0.6..1.4	1.|2.|3.|4.|5.|6.|7.|8.|9.|10.	george	64	George's protocol with k=64	60.	0.9375	10000	187|338|544|715|902|1062|1296|1477|1611|1868	discount	max 1 per confirmed block, discount for non-linearity, split equally between referenced pow solutions	1.58666992188|2.876953125|4.67602539062|6.11108398438|7.79443359375|9.1357421875|11.208984375|12.7531738281|13.9907226562|16.2568359375	
simple10-uni	10 nodes, compute 1..10, simple dissemination, uniform delay 0.6..1.4	1.|2.|3.|4.|5.|6.|7.|8.|9.|10.	george	64	George's protocol with k=64	60.	0.9375	10000	187|338|544|715|902|1062|1296|1477|1611|1868	punish	max 1 per confirmed block, 1/k per pow solution on the longest chain of pow solutions	1.25|2.34375|3.765625|5.0625|7.09375|8.1875|11.53125|13.4375|15.4375|18.28125	
simple10-uni	10 nodes, compute 1..10, simple dissemination, uniform delay 0.6..1.4	1.|2.|3.|4.|5.|6.|7.|8.|9.|10.	george	64	George's protocol with k=64	120.	1.875	10000	164|359|565|747|888|1110|1287|1453|1591|1836	constant	1 per confirmed block, split equally between referenced pow solutions	2.515625|5.453125|8.71875|11.484375|13.609375|17.078125|19.796875|22.421875|24.578125|28.34375	
simple10-uni	10 nodes, compute 1..10, simple dissemination, uniform delay 0.6..1.4	1.|2.|3.|4.|5.|6.|7.|8.|9.|10.	george	64	George's protocol with k=64	120.	1.875	10000	164|359|565|747|888|1110|1287|1453|1591|1836	discount	max 1 per confirmed block, discount for non-linearity, split equally between referenced pow solutions	1.76293945312|3.8310546875|6.13134765625|8.0771484375|9.6005859375|12.0786132812|13.9885253906|15.8679199219|17.3569335938|20.0705566406	
simple10-uni	10 nodes, compute 1..10, simple dissemination, uniform delay 0.6..1.4	1.|2.|3.|4.|5.|6.|7.|8.|9.|10.	george	64	George's protocol with k=64	120.	1.875	10000	164|359|565|747|888|1110|1287|1453|1591|1836	punish	max 1 per confirmed block, 1/k per pow solution on the longest chain of pow solutions	1.484375|3.625|5.28125|7.875|9.40625|11.75|14.125|16.15625|17.40625|21.65625	
simple10-uni	10 nodes, compute 1..10, simple dissemination, uniform delay 0.6..1.4	1.|2.|3.|4.|5.|6.|7.|8.|9.|10.	george	64	George's protocol with k=64	300.	4.6875	10000	188|386|529|715|947|1033|1260|1492|1637|1813	constant	1 per confirmed block, split equally between referenced pow solutions	2.921875|6.|8.203125|11.078125|14.59375|16.046875|19.5625|23.171875|25.390625|28.03125	
simple10-uni	10 nodes, compute 1..10, simple dissemination, uniform delay 0.6..1.4	1.|2.|3.|4.|5.|6.|7.|8.|9.|10.	george	64	George's protocol with k=64	300.	4.6875	10000	188|386|529|715|947|1033|1260|1492|1637|1813	discount	max 1 per confirmed block, discount for non-linearity, split equally between referenced pow solutions	2.51025390625|5.11279296875|6.98559570312|9.48559570312|12.4787597656|13.73046875|16.6892089844|19.7746582031|21.693359375|23.9611816406	
simple10-uni	10 nodes, compute 1..10, simple dissemination, uniform delay 0.6..1.4	1.|2.|3.|4.|5.|6.|7.|8.|9.|10.	george	64	George's protocol with k=64	300.	4.6875	10000	188|386|529|715|947|1033|1260|1492|1637|1813	punish	max 1 per confirmed block, 1/k per pow solution on the longest chain of pow solutions	2.359375|4.859375|6.75|9.421875|12.375|13.234375|16.765625|20.234375|22.109375|24.3125	
simple10-uni	10 nodes, compute 1..10, simple dissemination, uniform delay 0.6..1.4	1.|2.|3.|4.|5.|6.|7.|8.|9.|10.	george	64	George's protocol with k=64	600.	9.375	10000	188|351|516|759|901|1091|1306|1505|1579|1804	constant	1 per confirmed block, split equally between referenced pow solutions	2.921875|5.4375|7.984375|11.78125|13.9375|16.921875|20.28125|23.34375|24.484375|27.90625	
simple10-uni	10 nodes, compute 1..10, simple dissemination, uniform delay 0.6..1.4	1.|2.|3.|4.|5.|6.|7.|8.|9.|10.	george	64	George's protocol with k=64	600.	9.375	10000	188|351|516|759|901|1091|1306|1505|1579|1804	discount	max 1 per confirmed block, discount for non-linearity, split equally between referenced pow solutions	2.67553710938|4.97705078125|7.32666015625|10.7966308594|12.759765625|15.5129394531|18.6069335938|21.4182128906|22.4650878906|25.6174316406	
simple10-uni	10 nodes, compute 1..10, simple dissemination, uniform delay 0.6..1.4	1.|2.|3.|4.|5.|6.|7.|8.|9.|10.	george	64	George's protocol with k=64	600.	9.375	10000	188|351|516|759|901|1091|1306|1505|1579|1804	punish	max 1 per confirmed block, 1/k per pow solution on the longest chain of pow solutions	2.671875|4.921875|7.25|10.453125|12.65625|15.578125|18.640625|21.6875|22.390625|25.90625	
simple10-uni	10 nodes, compute 1..10, simple dissemination, uniform delay 0.6..1.4	1.|2.|3.|4.|5.|6.|7.|8.|9.|10.	george	128	George's protocol with k=128	30.	0.234375	10000	170|385|564|697|926|1089|1244|1528|1635|1762	constant	1 per confirmed block, split equally between referenced pow solutions	1.203125|2.75|3.953125|5.015625|6.625|7.8203125|8.921875|10.921875|11.9375|12.8515625	
simple10-uni	10 nodes, compute 1..10, simple dissemination, uniform delay 0.6..1.4	1.|2.|3.|4.|5.|6.|7.|8.|9.|10.	george	128	George's protocol with k=128	30.	0.234375	10000	170|385|564|697|926|1089|1244|1528|1635|1762	discount	max 1 per confirmed block, discount for non-linearity, split equally between referenced pow solutions	0.409973144531|0.9384765625|1.34545898438|1.71746826172|2.26446533203|2.67059326172|3.05682373047|3.74359130859|4.10632324219|4.41870117188	
simple10-uni	10 nodes, compute 1..10, simple dissemination, uniform delay 0.6..1.4	1.|2.|3.|4.|5.|6.|7.|8.|9.|10.	george	128	George's protocol with k=128	30.	0.234375	10000	170|385|564|697|926|1089|1244|1528|1635|1762	punish	max 1 per confirmed block, 1/k per pow solution on the longest chain of pow solutions	0.1171875|0.328125|0.5703125|0.7734375|1.625|2.0234375|2.6953125|4.5859375|5.125|6.828125	
simple10-uni	10 nodes, compute 1..10, simple dissemination, uniform delay 0.6..1.4	1.|2.|3.|4.|5.|6.|7.|8.|9.|10.	george	128	George's protocol with k=128	60.	0.46875	10000	186|362|563|739|938|1069|1287|1449|1623|1784	constant	1 per confirmed block, split equally between referenced pow solutions	1.421875|2.71875|4.234375|5.4921875|6.984375|8.|9.640625|10.8984375|12.1953125|13.4140625	
simple10-uni	10 nodes, compute 1..10, simple dissemination, uniform delay 0.6..1.4	1.|2.|3.|4.|5.|6.|7.|8.|9.|10.	george	128	George's protocol with k=128	60.	0.46875	10000	186|362|563|739|938|1069|1287|1449|1623|1784	discount	max 1 per confirmed block, discount for non-linearity, split equally between referenced pow solutions	0.626525878906|1.19110107422|1.85650634766|2.41174316406|3.07275390625|3.52221679688|4.2431640625|4.78833007812|5.38018798828|5.93090820312	
simple10-uni	10 nodes, compute 1..10, simple dissemination, uniform delay 0.6..1.4	1.|2.|3.|4.|5.|6.|7.|8.|9.|10.	george	128	George's protocol with k=128	60.	0.46875	10000	186|362|563|739|938|1069|1287|1449|1623|1784	punish	max 1 per confirmed block, 1/k per pow solution on the longest chain of pow solutions	0.3671875|0.6640625|1.34375|1.9453125|2.4609375|3.0390625|4.203125|5.4296875|6.1640625|7.40625	
simple10-uni	10 nodes, compute 1..10, simple dissemination, uniform delay 0.6..1.4	1.|2.|3.|4.|5.|6.|7.|8.|9.|10.	george	128	George's protocol with k=128	120.	0.9375	10000	183|369|545|732|923|1086|1279|1485|1579|1819	constant	1 per confirmed block, split equally between referenced pow solutions	1.375|2.7890625|4.0859375|5.578125|7.|8.2109375|9.7421875|11.3203125|12.0234375|13.875	
simple10-uni	10 nodes, compute 1..10, simple dissemination, uniform delay 0.6..1.4	1.|2.|3.|4.|5.|6.|7.|8.|9.|10.	george	128	George's protocol with k=128	120.	0.9375	10000	183|369|545|732|923|1086|1279|1485|1579|1819	discount	max 1 per confirmed block, discount for non-linearity, split equally between referenced pow solutions	0.7763671875|1.57080078125|2.29028320312|3.140625|3.93859863281|4.62426757812|5.50402832031|6.36340332031|6.77978515625|7.80871582031	
simple10-uni	10 nodes, compute 1..10, simple dissemination, uniform delay 0.6..1.4	1.|2.|3.|4.|5.|6.|7.|8.|9.|10.	george	128	George's protocol with k=128	120.	0.9375	10000	183|369|545|732|923|1086|1279|1485|1579|1819	punish	max 1 per confirmed block, 1/k per pow solution on the longest chain of pow solutions	0.5625|1.2265625|1.8984375|2.71875|3.6015625|4.4921875|5.5390625|6.5|7.2734375|8.984375	
simple10-uni	10 nodes, compute 1..10, simple dissemination, uniform delay 0.6..1.4	1.|2.|3.|4.|5.|6.|7.|8.|9.|10.	george	128	George's protocol with k=128	300.	2.34375	10000	175|333|533|738|874|1101|1258|1449|1719|1820	constant	1 per confirmed block, split equally between referenced pow solutions	1.3671875|2.5625|4.0859375|5.734375|6.734375|8.453125|9.6640625|11.140625|13.2109375|14.046875	
simple10-uni	10 nodes, compute 1..10, simple dissemination, uniform delay 0.6..1.4	1.|2.|3.|4.|5.|6.|7.|8.|9.|10.	george	128	George's protocol with k=128	300.	2.34375	10000	175|333|533|738|874|1101|1258|1449|1719|1820	discount	max 1 per confirmed block, discount for non-linearity, split equally between referenced pow solutions	1.00457763672|1.88330078125|3.00671386719|4.20336914062|4.94586181641|6.22113037109|7.11804199219|8.18884277344|9.70153808594|10.3281860352	
simple10-uni	10 nodes, compute 1..10, simple dissemination, uniform delay 0.6..1.4	1.|2.|3.|4.|5.|6.|7.|8.|9.|10.	george	128	George's protocol with k=128	300.	2.34375	10000	175|333|533|738|874|1101|1258|1449|1719|1820	punish	max 1 per confirmed block, 1/k per pow solution on the longest chain of pow solutions	0.9453125|1.671875|2.78125|4.09375|4.8125|6.0625|6.828125|8.265625|10.0859375|11.0546875	
simple10-uni	10 nodes, compute 1..10, simple dissemination, uniform delay 0.6..1.4	1.|2.|3.|4.|5.|6.|7.|8.|9.|10.	george	128	George's protocol with k=128	600.	4.6875	10000	196|377|571|740|888|1097|1246|1446|1619|1820	constant	1 per confirmed block, split equally between referenced pow solutions	1.5|2.8984375|4.421875|5.6875|6.7578125|8.46875|9.65625|11.0390625|12.515625|14.0546875	
simple10-uni	10 nodes, compute 1..10, simple dissemination, uniform delay 0.6..1.4	1.|2.|3.|4.|5.|6.|7.|8.|9.|10.	george	128	George's protocol with k=128	600.	4.6875	10000	196|377|571|740|888|1097|1246|1446|1619|1820	discount	max 1 per confirmed block, discount for non-linearity, split equally between referenced pow solutions	1.26947021484|2.44964599609|3.74658203125|4.82110595703|5.71984863281|7.16143798828|8.16467285156|9.33117675781|10.5899658203|11.90234375	
simple10-uni	10 nodes, compute 1..10, simple dissemination, uniform delay 0.6..1.4	1.|2.|3.|4.|5.|6.|7.|8.|9.|10.	george	128	George's protocol with k=128	600.	4.6875	10000	196|377|571|740|888|1097|1246|1446|1619|1820	punish	max 1 per confirmed block, 1/k per pow solution on the longest chain of pow solutions	1.21875|2.2421875|3.546875|4.7578125|5.6015625|7.1171875|8.2734375|9.4296875|10.8203125|12.1484375	
