	network	network_description	compute	protocol	k	protocol_description	block_interval	activation_delay	number_activations	activations	incentive_scheme	incentive_scheme_description	scenario	scenario_description	strategy	strategy_description	reward	machine_duration_s	attacker_compute	attacker_relative_activations	attacker_relative_reward	attacker_efficiency
0	two-agents-zero	2 nodes, alpha=0.1, zero delay	0.1|0.9	bk+ll	1	Bₖ with less leader modification and k=1	600.0	600.0	1000000	99981|900019	constant	1 per confirmed pow solution	first-selfish	first node acts selfishly, other nodes follow the protocol	honest	honest	99981.|900019.	3.288833114	0.1	0.099981	0.099981	1.0
1	two-agents-zero	2 nodes, alpha=0.2, zero delay	0.2|0.8	bk+ll	1	Bₖ with less leader modification and k=1	600.0	600.0	1000000	200032|799968	constant	1 per confirmed pow solution	first-selfish	first node acts selfishly, other nodes follow the protocol	honest	honest	200032.|799968.	3.358386921	0.2	0.200032	0.200032	1.0
2	two-agents-zero	2 nodes, alpha=0.1, zero delay	0.1|0.9	bk+ll	2	Bₖ with less leader modification and k=2	600.0	300.0	1000000	99981|900019	constant	1 per confirmed pow solution	first-selfish	first node acts selfishly, other nodes follow the protocol	selfish-simple	withhold until strong block is found	61136.|895732.	3.592471869	0.1	0.099981	0.06389178026645263	0.6390392201163484
3	two-agents-zero	2 nodes, alpha=0.2, zero delay	0.2|0.8	bk+ll	2	Bₖ with less leader modification and k=2	600.0	300.0	1000000	200032|799968	constant	1 per confirmed pow solution	first-selfish	first node acts selfishly, other nodes follow the protocol	selfish-simple	withhold until strong block is found	140839.|785105.	3.719179158	0.2	0.200032	0.15210315094649351	0.7603940916777991
4	two-agents-zero	2 nodes, alpha=0.2, zero delay	0.2|0.8	bk+ll	2	Bₖ with less leader modification and k=2	600.0	300.0	1000000	200032|799968	constant	1 per confirmed pow solution	first-selfish	first node acts selfishly, other nodes follow the protocol	selfish-advanced	withhold until defender finds strong block	85150.|752348.	3.787682733	0.2	0.200032	0.10167188458957514	0.5082780984521234
5	two-agents-zero	2 nodes, alpha=0.2, zero delay	0.2|0.8	bk+ll	1	Bₖ with less leader modification and k=1	600.0	600.0	1000000	200032|799968	constant	1 per confirmed pow solution	first-selfish	first node acts selfishly, other nodes follow the protocol	selfish-simple	withhold until strong block is found	200032.|799968.	4.832240883	0.2	0.200032	0.200032	1.0
6	two-agents-zero	2 nodes, alpha=0.1, zero delay	0.1|0.9	bk+ll	8	Bₖ with less leader modification and k=8	600.0	75.0	1000000	99981|900019	constant	1 per confirmed pow solution	first-selfish	first node acts selfishly, other nodes follow the protocol	selfish-simple	withhold until strong block is found	38152.|890864.	4.875327219	0.1	0.099981	0.04106710756327125	0.41074911796512587
7	two-agents-zero	2 nodes, alpha=0.1, zero delay	0.1|0.9	bk+ll	1	Bₖ with less leader modification and k=1	600.0	600.0	1000000	99981|900019	constant	1 per confirmed pow solution	first-selfish	first node acts selfishly, other nodes follow the protocol	selfish-advanced	withhold until defender finds strong block	99981.|900019.	4.94086195	0.1	0.099981	0.099981	1.0
8	two-agents-zero	2 nodes, alpha=0.2, zero delay	0.2|0.8	bk+ll	1	Bₖ with less leader modification and k=1	600.0	600.0	1000000	200032|799968	constant	1 per confirmed pow solution	first-selfish	first node acts selfishly, other nodes follow the protocol	selfish-advanced	withhold until defender finds strong block	200032.|799968.	5.023692255	0.2	0.200032	0.200032	1.0
9	two-agents-zero	2 nodes, alpha=0.1, zero delay	0.1|0.9	bk+ll	1	Bₖ with less leader modification and k=1	600.0	600.0	1000000	99981|900019	constant	1 per confirmed pow solution	first-selfish	first node acts selfishly, other nodes follow the protocol	selfish-simple	withhold until strong block is found	99981.|900019.	5.122849677	0.1	0.099981	0.099981	1.0
10	two-agents-zero	2 nodes, alpha=0.2, zero delay	0.2|0.8	bk+ll	4	Bₖ with less leader modification and k=4	600.0	150.0	1000000	200032|799968	constant	1 per confirmed pow solution	first-selfish	first node acts selfishly, other nodes follow the protocol	honest	honest	200032.|799968.	5.437447404	0.2	0.200032	0.200032	1.0
11	two-agents-zero	2 nodes, alpha=0.1, zero delay	0.1|0.9	bk+ll	2	Bₖ with less leader modification and k=2	600.0	300.0	1000000	99981|900019	constant	1 per confirmed pow solution	first-selfish	first node acts selfishly, other nodes follow the protocol	honest	honest	99981.|900019.	5.700126639	0.1	0.099981	0.099981	1.0
12	two-agents-zero	2 nodes, alpha=0.1, zero delay	0.1|0.9	bk+ll	2	Bₖ with less leader modification and k=2	600.0	300.0	1000000	99981|900019	constant	1 per confirmed pow solution	first-selfish	first node acts selfishly, other nodes follow the protocol	selfish-advanced	withhold until defender finds strong block	21399.|888429.	5.746550027	0.1	0.099981	0.023519830121737296	0.23524299738687646
13	two-agents-zero	2 nodes, alpha=0.2, zero delay	0.2|0.8	bk+ll	2	Bₖ with less leader modification and k=2	600.0	300.0	1000000	200032|799968	constant	1 per confirmed pow solution	first-selfish	first node acts selfishly, other nodes follow the protocol	honest	honest	200032.|799968.	5.833262704	0.2	0.200032	0.200032	1.0
14	two-agents-zero	2 nodes, alpha=0.1, zero delay	0.1|0.9	bk+ll	4	Bₖ with less leader modification and k=4	600.0	150.0	1000000	99981|900019	constant	1 per confirmed pow solution	first-selfish	first node acts selfishly, other nodes follow the protocol	selfish-simple	withhold until strong block is found	44159.|893101.	6.427948776	0.1	0.099981	0.04711499477199496	0.47123948322176173
15	two-agents-zero	2 nodes, alpha=0.2, zero delay	0.2|0.8	bk+ll	4	Bₖ with less leader modification and k=4	600.0	150.0	1000000	200032|799968	constant	1 per confirmed pow solution	first-selfish	first node acts selfishly, other nodes follow the protocol	selfish-simple	withhold until strong block is found	121013.|775931.	6.639279617	0.2	0.200032	0.1349170070818245	0.6744771190700714
16	two-agents-zero	2 nodes, alpha=0.1, zero delay	0.1|0.9	bk+ll	4	Bₖ with less leader modification and k=4	600.0	150.0	1000000	99981|900019	constant	1 per confirmed pow solution	first-selfish	first node acts selfishly, other nodes follow the protocol	selfish-advanced	withhold until defender finds strong block	15016.|890888.	6.704028623	0.1	0.099981	0.016575707801268127	0.16578857784247134
17	two-agents-zero	2 nodes, alpha=0.1, zero delay	0.1|0.9	bk+ll	4	Bₖ with less leader modification and k=4	600.0	150.0	1000000	99981|900019	constant	1 per confirmed pow solution	first-selfish	first node acts selfishly, other nodes follow the protocol	honest	honest	99981.|900019.	6.886630944	0.1	0.099981	0.099981	1.0
18	two-agents-zero	2 nodes, alpha=0.2, zero delay	0.2|0.8	bk+ll	4	Bₖ with less leader modification and k=4	600.0	150.0	1000000	200284|799716	constant	1 per confirmed pow solution	first-selfish	first node acts selfishly, other nodes follow the protocol	selfish-advanced	withhold until defender finds strong block	71503.|752941.	3.939312012	0.2	0.200284	0.08672875295350564	0.4330288637809593
19	two-agents-zero	2 nodes, alpha=0.1, zero delay	0.1|0.9	bk+ll	8	Bₖ with less leader modification and k=8	600.0	75.0	1000000	99981|900019	constant	1 per confirmed pow solution	first-selfish	first node acts selfishly, other nodes follow the protocol	selfish-advanced	withhold until defender finds strong block	13054.|891098.	7.269143142	0.1	0.099981	0.014437837885665243	0.14440581596168514
20	two-agents-zero	2 nodes, alpha=0.1, zero delay	0.1|0.9	bk+ll	8	Bₖ with less leader modification and k=8	600.0	75.0	1000000	99981|900019	constant	1 per confirmed pow solution	first-selfish	first node acts selfishly, other nodes follow the protocol	honest	honest	99981.|900019.	7.939282635	0.1	0.099981	0.099981	1.0
21	two-agents-zero	2 nodes, alpha=0.2, zero delay	0.2|0.8	bk+ll	8	Bₖ with less leader modification and k=8	600.0	75.0	1000000	200284|799716	constant	1 per confirmed pow solution	first-selfish	first node acts selfishly, other nodes follow the protocol	selfish-simple	withhold until strong block is found	122097.|766815.	4.425089458	0.2	0.200284	0.13735555375560235	0.6858039272013858
22	two-agents-zero	2 nodes, alpha=0.2, zero delay	0.2|0.8	bk+ll	8	Bₖ with less leader modification and k=8	600.0	75.0	1000000	200284|799716	constant	1 per confirmed pow solution	first-selfish	first node acts selfishly, other nodes follow the protocol	honest	honest	200284.|799716.	4.829610845	0.2	0.200284	0.200284	1.0
23	two-agents-zero	2 nodes, alpha=0.2, zero delay	0.2|0.8	bk+ll	8	Bₖ with less leader modification and k=8	600.0	75.0	1000000	200284|799716	constant	1 per confirmed pow solution	first-selfish	first node acts selfishly, other nodes follow the protocol	selfish-advanced	withhold until defender finds strong block	74940.|744140.	4.825050618	0.2	0.200284	0.09149289446696293	0.4568157939074661
24	two-agents-zero	2 nodes, alpha=0.1, zero delay	0.1|0.9	bk+ll	16	Bₖ with less leader modification and k=16	600.0	37.5	1000000	99981|900019	constant	1 per confirmed pow solution	first-selfish	first node acts selfishly, other nodes follow the protocol	selfish-simple	withhold until strong block is found	38209.|888399.	8.712986657	0.1	0.099981	0.0412353443959042	0.4124318060021824
25	two-agents-zero	2 nodes, alpha=0.1, zero delay	0.1|0.9	bk+ll	16	Bₖ with less leader modification and k=16	600.0	37.5	1000000	99981|900019	constant	1 per confirmed pow solution	first-selfish	first node acts selfishly, other nodes follow the protocol	honest	honest	99981.|900019.	9.293940631	0.1	0.099981	0.099981	1.0
26	two-agents-zero	2 nodes, alpha=0.1, zero delay	0.1|0.9	bk+ll	16	Bₖ with less leader modification and k=16	600.0	37.5	1000000	99981|900019	constant	1 per confirmed pow solution	first-selfish	first node acts selfishly, other nodes follow the protocol	selfish-advanced	withhold until defender finds strong block	14258.|889214.	9.390474655	0.1	0.099981	0.01578134131439602	0.15784340339060443
27	two-agents-zero	2 nodes, alpha=0.2, zero delay	0.2|0.8	bk+ll	16	Bₖ with less leader modification and k=16	600.0	37.5	1000000	200284|799716	constant	1 per confirmed pow solution	first-selfish	first node acts selfishly, other nodes follow the protocol	honest	honest	200284.|799716.	6.008741782	0.2	0.200284	0.200284	1.0
28	two-agents-zero	2 nodes, alpha=0.25, zero delay	0.25|0.75	bk+ll	1	Bₖ with less leader modification and k=1	600.0	600.0	1000000	250375|749625	constant	1 per confirmed pow solution	first-selfish	first node acts selfishly, other nodes follow the protocol	selfish-advanced	withhold until defender finds strong block	250375.|749625.	2.847063954	0.25	0.250375	0.250375	1.0
29	two-agents-zero	2 nodes, alpha=0.25, zero delay	0.25|0.75	bk+ll	1	Bₖ with less leader modification and k=1	600.0	600.0	1000000	250375|749625	constant	1 per confirmed pow solution	first-selfish	first node acts selfishly, other nodes follow the protocol	selfish-simple	withhold until strong block is found	250375.|749625.	4.105469878	0.25	0.250375	0.250375	1.0
30	two-agents-zero	2 nodes, alpha=0.1, zero delay	0.1|0.9	bk+ll	32	Bₖ with less leader modification and k=32	600.0	18.75	1000000	99981|900019	constant	1 per confirmed pow solution	first-selfish	first node acts selfishly, other nodes follow the protocol	selfish-simple	withhold until strong block is found	46310.|883834.	11.128697425	0.1	0.099981	0.049787989816630546	0.49797451332383696
31	two-agents-zero	2 nodes, alpha=0.25, zero delay	0.25|0.75	bk+ll	1	Bₖ with less leader modification and k=1	600.0	600.0	1000000	250375|749625	constant	1 per confirmed pow solution	first-selfish	first node acts selfishly, other nodes follow the protocol	honest	honest	250375.|749625.	4.543720293	0.25	0.250375	0.250375	1.0
32	two-agents-zero	2 nodes, alpha=0.1, zero delay	0.1|0.9	bk+ll	64	Bₖ with less leader modification and k=64	600.0	9.375	1000000	99981|900019	constant	1 per confirmed pow solution	first-selfish	first node acts selfishly, other nodes follow the protocol	selfish-advanced	withhold until defender finds strong block	31332.|872028.	11.353348192	0.1	0.099981	0.03468384697130712	0.34690438154556485
33	two-agents-zero	2 nodes, alpha=0.2, zero delay	0.2|0.8	bk+ll	16	Bₖ with less leader modification and k=16	600.0	37.5	1000000	200284|799716	constant	1 per confirmed pow solution	first-selfish	first node acts selfishly, other nodes follow the protocol	selfish-advanced	withhold until defender finds strong block	94066.|722334.	6.639972112	0.2	0.200284	0.11522048015678589	0.5752854953804892
34	two-agents-zero	2 nodes, alpha=0.1, zero delay	0.1|0.9	bk+ll	32	Bₖ with less leader modification and k=32	600.0	18.75	1000000	99981|900019	constant	1 per confirmed pow solution	first-selfish	first node acts selfishly, other nodes follow the protocol	selfish-advanced	withhold until defender finds strong block	19164.|884100.	11.602762514	0.1	0.099981	0.021216388564140716	0.21220420444025082
35	two-agents-zero	2 nodes, alpha=0.25, zero delay	0.25|0.75	bk+ll	4	Bₖ with less leader modification and k=4	600.0	150.0	1000000	250375|749625	constant	1 per confirmed pow solution	first-selfish	first node acts selfishly, other nodes follow the protocol	selfish-simple	withhold until strong block is found	168519.|714813.	3.108732306	0.25	0.250375	0.19077651437964435	0.7619631128493034
36	two-agents-zero	2 nodes, alpha=0.1, zero delay	0.1|0.9	bk+ll	64	Bₖ with less leader modification and k=64	600.0	9.375	1000000	99981|900019	constant	1 per confirmed pow solution	first-selfish	first node acts selfishly, other nodes follow the protocol	honest	honest	99981.|900019.	11.73937634	0.1	0.099981	0.099981	1.0
37	two-agents-zero	2 nodes, alpha=0.2, zero delay	0.2|0.8	bk+ll	16	Bₖ with less leader modification and k=16	600.0	37.5	1000000	200284|799716	constant	1 per confirmed pow solution	first-selfish	first node acts selfishly, other nodes follow the protocol	selfish-simple	withhold until strong block is found	139314.|757454.	6.917400264	0.2	0.200284	0.15535121681415928	0.7756546544614612
38	two-agents-zero	2 nodes, alpha=0.25, zero delay	0.25|0.75	bk+ll	2	Bₖ with less leader modification and k=2	600.0	300.0	1000000	250375|749625	constant	1 per confirmed pow solution	first-selfish	first node acts selfishly, other nodes follow the protocol	honest	honest	250375.|749625.	4.687455489	0.25	0.250375	0.250375	1.0
39	two-agents-zero	2 nodes, alpha=0.1, zero delay	0.1|0.9	bk+ll	64	Bₖ with less leader modification and k=64	600.0	9.375	1000000	99981|900019	constant	1 per confirmed pow solution	first-selfish	first node acts selfishly, other nodes follow the protocol	selfish-simple	withhold until strong block is found	60183.|877993.	12.290407255	0.1	0.099981	0.06414894433453851	0.6416113495017904
40	two-agents-zero	2 nodes, alpha=0.1, zero delay	0.1|0.9	bk+ll	32	Bₖ with less leader modification and k=32	600.0	18.75	1000000	99981|900019	constant	1 per confirmed pow solution	first-selfish	first node acts selfishly, other nodes follow the protocol	honest	honest	99981.|900019.	12.862615762	0.1	0.099981	0.099981	1.0
41	two-agents-zero	2 nodes, alpha=0.25, zero delay	0.25|0.75	bk+ll	2	Bₖ with less leader modification and k=2	600.0	300.0	1000000	250375|749625	constant	1 per confirmed pow solution	first-selfish	first node acts selfishly, other nodes follow the protocol	selfish-advanced	withhold until defender finds strong block	131185.|676075.	4.912877233	0.25	0.250375	0.16250650348091072	0.6490524352707367
42	two-agents-zero	2 nodes, alpha=0.25, zero delay	0.25|0.75	bk+ll	2	Bₖ with less leader modification and k=2	600.0	300.0	1000000	250375|749625	constant	1 per confirmed pow solution	first-selfish	first node acts selfishly, other nodes follow the protocol	selfish-simple	withhold until strong block is found	186131.|728179.	5.275283885	0.25	0.250375	0.20357537377913398	0.8130818723080738
43	two-agents-zero	2 nodes, alpha=0.25, zero delay	0.25|0.75	bk+ll	8	Bₖ with less leader modification and k=8	600.0	75.0	1000000	250375|749625	constant	1 per confirmed pow solution	first-selfish	first node acts selfishly, other nodes follow the protocol	selfish-advanced	withhold until defender finds strong block	126846.|652850.	4.364399126	0.25	0.250375	0.16268648293693952	0.6497712748355048
44	two-agents-zero	2 nodes, alpha=0.25, zero delay	0.25|0.75	bk+ll	4	Bₖ with less leader modification and k=4	600.0	150.0	1000000	250375|749625	constant	1 per confirmed pow solution	first-selfish	first node acts selfishly, other nodes follow the protocol	honest	honest	250375.|749625.	6.169337497	0.25	0.250375	0.250375	1.0
45	two-agents-zero	2 nodes, alpha=0.25, zero delay	0.25|0.75	bk+ll	4	Bₖ with less leader modification and k=4	600.0	150.0	1000000	250375|749625	constant	1 per confirmed pow solution	first-selfish	first node acts selfishly, other nodes follow the protocol	selfish-advanced	withhold until defender finds strong block	115531.|672193.	5.988947128	0.25	0.250375	0.14666431389674556	0.585778587705424
46	two-agents-zero	2 nodes, alpha=0.25, zero delay	0.25|0.75	bk+ll	16	Bₖ with less leader modification and k=16	600.0	37.5	1000000	249590|750410	constant	1 per confirmed pow solution	first-selfish	first node acts selfishly, other nodes follow the protocol	honest	honest	249590.|750410.	5.709852169	0.25	0.24959	0.24959	1.0
47	two-agents-zero	2 nodes, alpha=0.3, zero delay	0.3|0.7	bk+ll	1	Bₖ with less leader modification and k=1	600.0	600.0	1000000	299609|700391	constant	1 per confirmed pow solution	first-selfish	first node acts selfishly, other nodes follow the protocol	selfish-simple	withhold until strong block is found	299609.|700391.	2.88459472	0.3	0.299609	0.299609	1.0
48	two-agents-zero	2 nodes, alpha=0.2, zero delay	0.2|0.8	bk+ll	32	Bₖ with less leader modification and k=32	600.0	18.75	1000000	200284|799716	constant	1 per confirmed pow solution	first-selfish	first node acts selfishly, other nodes follow the protocol	selfish-simple	withhold until strong block is found	167366.|750298.	10.9750137	0.2	0.200284	0.1823826585765596	0.9106202121815004
49	two-agents-zero	2 nodes, alpha=0.25, zero delay	0.25|0.75	bk+ll	8	Bₖ with less leader modification and k=8	600.0	75.0	1000000	250375|749625	constant	1 per confirmed pow solution	first-selfish	first node acts selfishly, other nodes follow the protocol	selfish-simple	withhold until strong block is found	176862.|703226.	6.832161785	0.25	0.250375	0.2009594495095945	0.8026338472674767
50	two-agents-zero	2 nodes, alpha=0.25, zero delay	0.25|0.75	bk+ll	8	Bₖ with less leader modification and k=8	600.0	75.0	1000000	250375|749625	constant	1 per confirmed pow solution	first-selfish	first node acts selfishly, other nodes follow the protocol	honest	honest	250375.|749625.	6.950119427	0.25	0.250375	0.250375	1.0
51	two-agents-zero	2 nodes, alpha=0.2, zero delay	0.2|0.8	bk+ll	32	Bₖ with less leader modification and k=32	600.0	18.75	1000000	200284|799716	constant	1 per confirmed pow solution	first-selfish	first node acts selfishly, other nodes follow the protocol	selfish-advanced	withhold until defender finds strong block	131483.|682661.	11.564828611	0.2	0.200284	0.16149845727537143	0.8063472732488438
52	two-agents-zero	2 nodes, alpha=0.3, zero delay	0.3|0.7	bk+ll	1	Bₖ with less leader modification and k=1	600.0	600.0	1000000	300289|699711	constant	1 per confirmed pow solution	first-selfish	first node acts selfishly, other nodes follow the protocol	selfish-advanced	withhold until defender finds strong block	300289.|699711.	3.80692601	0.3	0.300289	0.300289	1.0
53	two-agents-zero	2 nodes, alpha=0.2, zero delay	0.2|0.8	bk+ll	32	Bₖ with less leader modification and k=32	600.0	18.75	1000000	200284|799716	constant	1 per confirmed pow solution	first-selfish	first node acts selfishly, other nodes follow the protocol	honest	honest	200284.|799716.	12.147477944	0.2	0.200284	0.200284	1.0
54	two-agents-zero	2 nodes, alpha=0.3, zero delay	0.3|0.7	bk+ll	1	Bₖ with less leader modification and k=1	600.0	600.0	1000000	300250|699750	constant	1 per confirmed pow solution	first-selfish	first node acts selfishly, other nodes follow the protocol	honest	honest	300250.|699750.	4.44124629	0.3	0.30025	0.30025	1.0
55	two-agents-zero	2 nodes, alpha=0.1, zero delay	0.1|0.9	bk+ll	128	Bₖ with less leader modification and k=128	600.0	4.6875	1000000	99981|900019	constant	1 per confirmed pow solution	first-selfish	first node acts selfishly, other nodes follow the protocol	selfish-advanced	withhold until defender finds strong block	52690.|850606.	17.472481562	0.1	0.099981	0.05833082400453451	0.5834190896723829
56	two-agents-zero	2 nodes, alpha=0.3, zero delay	0.3|0.7	bk+ll	2	Bₖ with less leader modification and k=2	600.0	300.0	1000000	299609|700391	constant	1 per confirmed pow solution	first-selfish	first node acts selfishly, other nodes follow the protocol	honest	honest	299609.|700391.	3.308530357	0.3	0.299609	0.299609	1.0
57	two-agents-zero	2 nodes, alpha=0.25, zero delay	0.25|0.75	bk+ll	32	Bₖ with less leader modification and k=32	600.0	18.75	1000000	250375|749625	constant	1 per confirmed pow solution	first-selfish	first node acts selfishly, other nodes follow the protocol	selfish-simple	withhold until strong block is found	232520.|692536.	6.909656307	0.25	0.250375	0.25135775563857754	1.0039251348520322
58	two-agents-zero	2 nodes, alpha=0.3, zero delay	0.3|0.7	bk+ll	2	Bₖ with less leader modification and k=2	600.0	300.0	1000000	299609|700391	constant	1 per confirmed pow solution	first-selfish	first node acts selfishly, other nodes follow the protocol	selfish-simple	withhold until strong block is found	232988.|671866.	4.348071197	0.3	0.299609	0.2574868431813309	0.8594095744164257
59	two-agents-zero	2 nodes, alpha=0.25, zero delay	0.25|0.75	bk+ll	16	Bₖ with less leader modification and k=16	600.0	37.5	1000000	250375|749625	constant	1 per confirmed pow solution	first-selfish	first node acts selfishly, other nodes follow the protocol	selfish-simple	withhold until strong block is found	202726.|693146.	8.197753632	0.25	0.250375	0.22628902343191884	0.9038003931379683
60	two-agents-zero	2 nodes, alpha=0.3, zero delay	0.3|0.7	bk+ll	4	Bₖ with less leader modification and k=4	600.0	150.0	1000000	299870|700130	constant	1 per confirmed pow solution	first-selfish	first node acts selfishly, other nodes follow the protocol	honest	honest	299870.|700130.	3.419661205	0.3	0.29987	0.29987	1.0
61	two-agents-zero	2 nodes, alpha=0.3, zero delay	0.3|0.7	bk+ll	4	Bₖ with less leader modification and k=4	600.0	150.0	1000000	299870|700130	constant	1 per confirmed pow solution	first-selfish	first node acts selfishly, other nodes follow the protocol	selfish-simple	withhold until strong block is found	219931.|654405.	3.508612522	0.3	0.29987	0.2515405976649709	0.8388321528161232
62	two-agents-zero	2 nodes, alpha=0.3, zero delay	0.3|0.7	bk+ll	2	Bₖ with less leader modification and k=2	600.0	300.0	1000000	300289|699711	constant	1 per confirmed pow solution	first-selfish	first node acts selfishly, other nodes follow the protocol	selfish-advanced	withhold until defender finds strong block	184612.|596238.	5.103849983	0.3	0.300289	0.23642440929756034	0.7873229099219764
63	two-agents-zero	2 nodes, alpha=0.25, zero delay	0.25|0.75	bk+ll	32	Bₖ with less leader modification and k=32	600.0	18.75	1000000	250375|749625	constant	1 per confirmed pow solution	first-selfish	first node acts selfishly, other nodes follow the protocol	selfish-advanced	withhold until defender finds strong block	212162.|556574.	8.395584086	0.25	0.250375	0.27598811555592556	1.1022990137031474
64	two-agents-zero	2 nodes, alpha=0.25, zero delay	0.25|0.75	bk+ll	16	Bₖ with less leader modification and k=16	600.0	37.5	1000000	250375|749625	constant	1 per confirmed pow solution	first-selfish	first node acts selfishly, other nodes follow the protocol	selfish-advanced	withhold until defender finds strong block	160722.|613790.	9.034548857	0.25	0.250375	0.20751389261883613	0.8288123519474233
65	two-agents-zero	2 nodes, alpha=0.2, zero delay	0.2|0.8	bk+ll	64	Bₖ with less leader modification and k=64	600.0	9.375	1000000	200284|799716	constant	1 per confirmed pow solution	first-selfish	first node acts selfishly, other nodes follow the protocol	selfish-simple	withhold until strong block is found	190790.|754938.	14.863069681	0.2	0.200284	0.20173876632604723	1.0072635174354778
66	two-agents-zero	2 nodes, alpha=0.3, zero delay	0.3|0.7	bk+ll	8	Bₖ with less leader modification and k=8	600.0	75.0	1000000	300289|699711	constant	1 per confirmed pow solution	first-selfish	first node acts selfishly, other nodes follow the protocol	selfish-advanced	withhold until defender finds strong block	189085.|551867.	4.933804672	0.3	0.300289	0.2551919692503698	0.8498212363768564
67	two-agents-zero	2 nodes, alpha=0.2, zero delay	0.2|0.8	bk+ll	64	Bₖ with less leader modification and k=64	600.0	9.375	1000000	200284|799716	constant	1 per confirmed pow solution	first-selfish	first node acts selfishly, other nodes follow the protocol	selfish-advanced	withhold until defender finds strong block	177933.|632627.	15.975105933	0.2	0.200284	0.21951860442163443	1.0960366500650798
68	two-agents-zero	2 nodes, alpha=0.3, zero delay	0.3|0.7	bk+ll	4	Bₖ with less leader modification and k=4	600.0	150.0	1000000	300289|699711	constant	1 per confirmed pow solution	first-selfish	first node acts selfishly, other nodes follow the protocol	selfish-advanced	withhold until defender finds strong block	168996.|584196.	6.801129576	0.3	0.300289	0.22437306822164865	0.7471904339541198
69	two-agents-zero	2 nodes, alpha=0.3, zero delay	0.3|0.7	bk+ll	8	Bₖ with less leader modification and k=8	600.0	75.0	1000000	300289|699711	constant	1 per confirmed pow solution	first-selfish	first node acts selfishly, other nodes follow the protocol	selfish-simple	withhold until strong block is found	236504.|639848.	7.428191499	0.3	0.300289	0.2698732929233915	0.8987118839630873
70	two-agents-zero	2 nodes, alpha=0.25, zero delay	0.25|0.75	bk+ll	32	Bₖ with less leader modification and k=32	600.0	18.75	1000000	250375|749625	constant	1 per confirmed pow solution	first-selfish	first node acts selfishly, other nodes follow the protocol	honest	honest	250375.|749625.	12.532935026	0.25	0.250375	0.250375	1.0
71	two-agents-zero	2 nodes, alpha=0.2, zero delay	0.2|0.8	bk+ll	64	Bₖ with less leader modification and k=64	600.0	9.375	1000000	200284|799716	constant	1 per confirmed pow solution	first-selfish	first node acts selfishly, other nodes follow the protocol	honest	honest	200284.|799716.	18.334400288	0.2	0.200284	0.200284	1.0
72	two-agents-zero	2 nodes, alpha=0.1, zero delay	0.1|0.9	bk+ll	128	Bₖ with less leader modification and k=128	600.0	4.6875	1000000	99981|900019	constant	1 per confirmed pow solution	first-selfish	first node acts selfishly, other nodes follow the protocol	selfish-simple	withhold until strong block is found	78812.|873124.	24.651755451	0.1	0.099981	0.0827912800860562	0.8280701341860573
73	two-agents-zero	2 nodes, alpha=0.3, zero delay	0.3|0.7	bk+ll	32	Bₖ with less leader modification and k=32	600.0	18.75	1000000	299870|700130	constant	1 per confirmed pow solution	first-selfish	first node acts selfishly, other nodes follow the protocol	selfish-simple	withhold until strong block is found	292572.|643332.	7.176088917	0.3	0.29987	0.31260898553697813	1.0424816938572652
74	two-agents-zero	2 nodes, alpha=0.3, zero delay	0.3|0.7	bk+ll	8	Bₖ with less leader modification and k=8	600.0	75.0	1000000	300289|699711	constant	1 per confirmed pow solution	first-selfish	first node acts selfishly, other nodes follow the protocol	honest	honest	300289.|699711.	8.519641061	0.3	0.300289	0.300289	1.0
75	two-agents-zero	2 nodes, alpha=0.33, zero delay	0.33|0.67	bk+ll	1	Bₖ with less leader modification and k=1	600.0	600.0	1000000	330579|669421	constant	1 per confirmed pow solution	first-selfish	first node acts selfishly, other nodes follow the protocol	honest	honest	330579.|669421.	4.678030566	0.33	0.330579	0.330579	1.0
76	two-agents-zero	2 nodes, alpha=0.25, zero delay	0.25|0.75	bk+ll	64	Bₖ with less leader modification and k=64	600.0	9.375	1000000	250375|749625	constant	1 per confirmed pow solution	first-selfish	first node acts selfishly, other nodes follow the protocol	selfish-advanced	withhold until defender finds strong block	246091.|515125.	13.154927903	0.25	0.250375	0.3232866886665546	1.2912099397565833
77	two-agents-zero	2 nodes, alpha=0.33, zero delay	0.33|0.67	bk+ll	1	Bₖ with less leader modification and k=1	600.0	600.0	1000000	330579|669421	constant	1 per confirmed pow solution	first-selfish	first node acts selfishly, other nodes follow the protocol	selfish-simple	withhold until strong block is found	330579.|669421.	4.837655221	0.33	0.330579	0.330579	1.0
78	two-agents-zero	2 nodes, alpha=0.25, zero delay	0.25|0.75	bk+ll	64	Bₖ with less leader modification and k=64	600.0	9.375	1000000	249590|750410	constant	1 per confirmed pow solution	first-selfish	first node acts selfishly, other nodes follow the protocol	selfish-simple	withhold until strong block is found	247113.|709431.	13.970203794	0.25	0.24959	0.2583393968285829	1.035055077641664
79	two-agents-zero	2 nodes, alpha=0.3, zero delay	0.3|0.7	bk+ll	32	Bₖ with less leader modification and k=32	600.0	18.75	1000000	300250|699750	constant	1 per confirmed pow solution	first-selfish	first node acts selfishly, other nodes follow the protocol	honest	honest	300250.|699750.	8.18346976	0.3	0.30025	0.30025	1.0
80	two-agents-zero	2 nodes, alpha=0.33, zero delay	0.33|0.67	bk+ll	1	Bₖ with less leader modification and k=1	600.0	600.0	1000000	329641|670359	constant	1 per confirmed pow solution	first-selfish	first node acts selfishly, other nodes follow the protocol	selfish-advanced	withhold until defender finds strong block	329641.|670359.	4.346484379	0.33	0.329641	0.329641	1.0
81	two-agents-zero	2 nodes, alpha=0.3, zero delay	0.3|0.7	bk+ll	16	Bₖ with less leader modification and k=16	600.0	37.5	1000000	299609|700391	constant	1 per confirmed pow solution	first-selfish	first node acts selfishly, other nodes follow the protocol	honest	honest	299609.|700391.	9.388190389	0.3	0.299609	0.299609	1.0
82	two-agents-zero	2 nodes, alpha=0.3, zero delay	0.3|0.7	bk+ll	16	Bₖ with less leader modification and k=16	600.0	37.5	1000000	300289|699711	constant	1 per confirmed pow solution	first-selfish	first node acts selfishly, other nodes follow the protocol	selfish-simple	withhold until strong block is found	267159.|633257.	9.563567449	0.3	0.300289	0.2967061891392423	0.9880687908622771
83	two-agents-zero	2 nodes, alpha=0.3, zero delay	0.3|0.7	bk+ll	32	Bₖ with less leader modification and k=32	600.0	18.75	1000000	300289|699711	constant	1 per confirmed pow solution	first-selfish	first node acts selfishly, other nodes follow the protocol	selfish-advanced	withhold until defender finds strong block	286645.|434155.	9.342657928	0.3	0.300289	0.39767619311875696	1.324311556929348
84	two-agents-zero	2 nodes, alpha=0.33, zero delay	0.33|0.67	bk+ll	2	Bₖ with less leader modification and k=2	600.0	300.0	1000000	329641|670359	constant	1 per confirmed pow solution	first-selfish	first node acts selfishly, other nodes follow the protocol	selfish-simple	withhold until strong block is found	262925.|637377.	5.317841598	0.33	0.329641	0.29204089294481184	0.8859361940559937
85	two-agents-zero	2 nodes, alpha=0.33, zero delay	0.33|0.67	bk+ll	2	Bₖ with less leader modification and k=2	600.0	300.0	1000000	330579|669421	constant	1 per confirmed pow solution	first-selfish	first node acts selfishly, other nodes follow the protocol	honest	honest	330579.|669421.	6.878979284	0.33	0.330579	0.330579	1.0
86	two-agents-zero	2 nodes, alpha=0.3, zero delay	0.3|0.7	bk+ll	16	Bₖ with less leader modification and k=16	600.0	37.5	1000000	300289|699711	constant	1 per confirmed pow solution	first-selfish	first node acts selfishly, other nodes follow the protocol	selfish-advanced	withhold until defender finds strong block	238424.|493464.	11.324307743	0.3	0.300289	0.3257656909253875	1.084840573332315
87	two-agents-zero	2 nodes, alpha=0.33, zero delay	0.33|0.67	bk+ll	2	Bₖ with less leader modification and k=2	600.0	300.0	1000000	329641|670359	constant	1 per confirmed pow solution	first-selfish	first node acts selfishly, other nodes follow the protocol	selfish-advanced	withhold until defender finds strong block	218081.|548353.	5.579352973	0.33	0.329641	0.2845398299135999	0.8631809450693326
88	two-agents-zero	2 nodes, alpha=0.33, zero delay	0.33|0.67	bk+ll	8	Bₖ with less leader modification and k=8	600.0	75.0	1000000	329419|670581	constant	1 per confirmed pow solution	first-selfish	first node acts selfishly, other nodes follow the protocol	honest	honest	329419.|670581.	4.894970641	0.33	0.329419	0.329419	1.0
89	two-agents-zero	2 nodes, alpha=0.33, zero delay	0.33|0.67	bk+ll	4	Bₖ with less leader modification and k=4	600.0	150.0	1000000	330579|669421	constant	1 per confirmed pow solution	first-selfish	first node acts selfishly, other nodes follow the protocol	selfish-simple	withhold until strong block is found	253786.|616886.	6.571149426	0.33	0.330579	0.29148290056416193	0.8817344736482412
90	two-agents-zero	2 nodes, alpha=0.25, zero delay	0.25|0.75	bk+ll	128	Bₖ with less leader modification and k=128	600.0	4.6875	1000000	250375|749625	constant	1 per confirmed pow solution	first-selfish	first node acts selfishly, other nodes follow the protocol	honest	honest	250361.|749575.	18.683023961	0.25	0.250375	0.25037702412954427	1.0000080843915897
91	two-agents-zero	2 nodes, alpha=0.25, zero delay	0.25|0.75	bk+ll	64	Bₖ with less leader modification and k=64	600.0	9.375	1000000	250375|749625	constant	1 per confirmed pow solution	first-selfish	first node acts selfishly, other nodes follow the protocol	honest	honest	250375.|749625.	19.263568189	0.25	0.250375	0.250375	1.0
92	two-agents-zero	2 nodes, alpha=0.33, zero delay	0.33|0.67	bk+ll	4	Bₖ with less leader modification and k=4	600.0	150.0	1000000	329641|670359	constant	1 per confirmed pow solution	first-selfish	first node acts selfishly, other nodes follow the protocol	honest	honest	329641.|670359.	7.197038048	0.33	0.329641	0.329641	1.0
93	two-agents-zero	2 nodes, alpha=0.2, zero delay	0.2|0.8	bk+ll	128	Bₖ with less leader modification and k=128	600.0	4.6875	1000000	200284|799716	constant	1 per confirmed pow solution	first-selfish	first node acts selfishly, other nodes follow the protocol	selfish-simple	withhold until strong block is found	199449.|770663.	24.559242887	0.2	0.200284	0.2055937871091173	1.026511289514476
94	two-agents-zero	2 nodes, alpha=0.33, zero delay	0.33|0.67	bk+ll	16	Bₖ with less leader modification and k=16	600.0	37.5	1000000	330579|669421	constant	1 per confirmed pow solution	first-selfish	first node acts selfishly, other nodes follow the protocol	honest	honest	330579.|669421.	6.511485765	0.33	0.330579	0.330579	1.0
95	two-agents-zero	2 nodes, alpha=0.1, zero delay	0.1|0.9	bk+ll	128	Bₖ with less leader modification and k=128	600.0	4.6875	1000000	99981|900019	constant	1 per confirmed pow solution	first-selfish	first node acts selfishly, other nodes follow the protocol	honest	honest	99977.|899959.	32.035533094	0.1	0.099981	0.099983398937532	1.0000239939341675
96	two-agents-zero	2 nodes, alpha=0.33, zero delay	0.33|0.67	bk+ll	4	Bₖ with less leader modification and k=4	600.0	150.0	1000000	330243|669757	constant	1 per confirmed pow solution	first-selfish	first node acts selfishly, other nodes follow the protocol	selfish-advanced	withhold until defender finds strong block	204450.|528474.	7.416645159	0.33	0.330243	0.2789511600111335	0.8446845505010961
97	two-agents-zero	2 nodes, alpha=0.33, zero delay	0.33|0.67	bk+ll	16	Bₖ with less leader modification and k=16	600.0	37.5	1000000	329641|670359	constant	1 per confirmed pow solution	first-selfish	first node acts selfishly, other nodes follow the protocol	selfish-simple	withhold until strong block is found	304628.|600492.	6.673836585	0.33	0.329641	0.3365608980024748	1.0209922248824472
98	two-agents-zero	2 nodes, alpha=0.4, zero delay	0.4|0.6	bk+ll	1	Bₖ with less leader modification and k=1	600.0	600.0	1000000	399285|600715	constant	1 per confirmed pow solution	first-selfish	first node acts selfishly, other nodes follow the protocol	honest	honest	399285.|600715.	3.227779688	0.4	0.399285	0.399285	1.0
99	two-agents-zero	2 nodes, alpha=0.33, zero delay	0.33|0.67	bk+ll	8	Bₖ with less leader modification and k=8	600.0	75.0	1000000	329641|670359	constant	1 per confirmed pow solution	first-selfish	first node acts selfishly, other nodes follow the protocol	selfish-simple	withhold until strong block is found	272781.|604139.	8.325756829	0.33	0.329641	0.31106714409524244	0.943654290865646
100	two-agents-zero	2 nodes, alpha=0.4, zero delay	0.4|0.6	bk+ll	1	Bₖ with less leader modification and k=1	600.0	600.0	1000000	399922|600078	constant	1 per confirmed pow solution	first-selfish	first node acts selfishly, other nodes follow the protocol	selfish-advanced	withhold until defender finds strong block	399922.|600078.	2.918820772	0.4	0.399922	0.399922	1.0
101	two-agents-zero	2 nodes, alpha=0.33, zero delay	0.33|0.67	bk+ll	8	Bₖ with less leader modification and k=8	600.0	75.0	1000000	329641|670359	constant	1 per confirmed pow solution	first-selfish	first node acts selfishly, other nodes follow the protocol	selfish-advanced	withhold until defender finds strong block	231084.|487084.	8.911429602	0.33	0.329641	0.3217687226387141	0.9761186340252398
102	two-agents-zero	2 nodes, alpha=0.33, zero delay	0.33|0.67	bk+ll	32	Bₖ with less leader modification and k=32	600.0	18.75	1000000	330579|669421	constant	1 per confirmed pow solution	first-selfish	first node acts selfishly, other nodes follow the protocol	honest	honest	330579.|669421.	8.52521996	0.33	0.330579	0.330579	1.0
103	two-agents-zero	2 nodes, alpha=0.3, zero delay	0.3|0.7	bk+ll	64	Bₖ with less leader modification and k=64	600.0	9.375	1000000	299452|700548	constant	1 per confirmed pow solution	first-selfish	first node acts selfishly, other nodes follow the protocol	selfish-advanced	withhold until defender finds strong block	299110.|412506.	15.427784824	0.3	0.299452	0.4203250067452109	1.403647351646377
104	two-agents-zero	2 nodes, alpha=0.25, zero delay	0.25|0.75	bk+ll	128	Bₖ with less leader modification and k=128	600.0	4.6875	1000000	250375|749625	constant	1 per confirmed pow solution	first-selfish	first node acts selfishly, other nodes follow the protocol	selfish-advanced	withhold until defender finds strong block	250330.|505126.	23.396789277	0.25	0.250375	0.3313627795662487	1.323465919385916
105	two-agents-zero	2 nodes, alpha=0.4, zero delay	0.4|0.6	bk+ll	1	Bₖ with less leader modification and k=1	600.0	600.0	1000000	399922|600078	constant	1 per confirmed pow solution	first-selfish	first node acts selfishly, other nodes follow the protocol	selfish-simple	withhold until strong block is found	399922.|600078.	5.558838732	0.4	0.399922	0.399922	1.0
106	two-agents-zero	2 nodes, alpha=0.3, zero delay	0.3|0.7	bk+ll	64	Bₖ with less leader modification and k=64	600.0	9.375	1000000	299609|700391	constant	1 per confirmed pow solution	first-selfish	first node acts selfishly, other nodes follow the protocol	selfish-simple	withhold until strong block is found	299316.|666060.	16.932981503	0.3	0.299609	0.3100512132060461	1.0348528021723182
107	two-agents-zero	2 nodes, alpha=0.4, zero delay	0.4|0.6	bk+ll	4	Bₖ with less leader modification and k=4	600.0	150.0	1000000	399922|600078	constant	1 per confirmed pow solution	first-selfish	first node acts selfishly, other nodes follow the protocol	honest	honest	399922.|600078.	4.893944822	0.4	0.399922	0.399922	1.0
108	two-agents-zero	2 nodes, alpha=0.4, zero delay	0.4|0.6	bk+ll	2	Bₖ with less leader modification and k=2	600.0	300.0	1000000	400423|599577	constant	1 per confirmed pow solution	first-selfish	first node acts selfishly, other nodes follow the protocol	honest	honest	400423.|599577.	5.798685207	0.4	0.400423	0.400423	1.0
109	two-agents-zero	2 nodes, alpha=0.4, zero delay	0.4|0.6	bk+ll	2	Bₖ with less leader modification and k=2	600.0	300.0	1000000	400423|599577	constant	1 per confirmed pow solution	first-selfish	first node acts selfishly, other nodes follow the protocol	selfish-advanced	withhold until defender finds strong block	306367.|430019.	5.809141501	0.4	0.400423	0.4160413152884493	1.0390045409191013
110	two-agents-zero	2 nodes, alpha=0.2, zero delay	0.2|0.8	bk+ll	128	Bₖ with less leader modification and k=128	600.0	4.6875	1000000	200284|799716	constant	1 per confirmed pow solution	first-selfish	first node acts selfishly, other nodes follow the protocol	selfish-advanced	withhold until defender finds strong block	198440.|607448.	30.160948692	0.2	0.200284	0.24623769059720457	1.229442644430931
111	two-agents-zero	2 nodes, alpha=0.4, zero delay	0.4|0.6	bk+ll	2	Bₖ with less leader modification and k=2	600.0	300.0	1000000	399826|600174	constant	1 per confirmed pow solution	first-selfish	first node acts selfishly, other nodes follow the protocol	selfish-simple	withhold until strong block is found	335333.|557307.	6.003086357	0.4	0.399826	0.3756643215630041	0.9395695166472517
112	two-agents-zero	2 nodes, alpha=0.25, zero delay	0.25|0.75	bk+ll	128	Bₖ with less leader modification and k=128	600.0	4.6875	1000000	250375|749625	constant	1 per confirmed pow solution	first-selfish	first node acts selfishly, other nodes follow the protocol	selfish-simple	withhold until strong block is found	250335.|727073.	25.155651233	0.25	0.250375	0.25612129223415403	1.0229507428223825
113	two-agents-zero	2 nodes, alpha=0.4, zero delay	0.4|0.6	bk+ll	8	Bₖ with less leader modification and k=8	600.0	75.0	1000000	399826|600174	constant	1 per confirmed pow solution	first-selfish	first node acts selfishly, other nodes follow the protocol	honest	honest	399826.|600174.	5.407940509	0.4	0.399826	0.399826	1.0
114	two-agents-zero	2 nodes, alpha=0.4, zero delay	0.4|0.6	bk+ll	8	Bₖ with less leader modification and k=8	600.0	75.0	1000000	399948|600052	constant	1 per confirmed pow solution	first-selfish	first node acts selfishly, other nodes follow the protocol	selfish-simple	withhold until strong block is found	360721.|522879.	4.808210789	0.4	0.399948	0.408240153915799	1.020733080089909
115	two-agents-zero	2 nodes, alpha=0.33, zero delay	0.33|0.67	bk+ll	16	Bₖ with less leader modification and k=16	600.0	37.5	1000000	329798|670202	constant	1 per confirmed pow solution	first-selfish	first node acts selfishly, other nodes follow the protocol	selfish-advanced	withhold until defender finds strong block	285073.|420367.	12.327268175	0.33	0.329798	0.40410665683828534	1.2253156684949131
116	two-agents-zero	2 nodes, alpha=0.2, zero delay	0.2|0.8	bk+ll	128	Bₖ with less leader modification and k=128	600.0	4.6875	1000000	200284|799716	constant	1 per confirmed pow solution	first-selfish	first node acts selfishly, other nodes follow the protocol	honest	honest	200270.|799666.	32.394077106	0.2	0.200284	0.20028281810035842	0.9999940988813806
117	two-agents-zero	2 nodes, alpha=0.33, zero delay	0.33|0.67	bk+ll	32	Bₖ with less leader modification and k=32	600.0	18.75	1000000	329798|670202	constant	1 per confirmed pow solution	first-selfish	first node acts selfishly, other nodes follow the protocol	selfish-simple	withhold until strong block is found	325659.|615717.	13.12136065	0.33	0.329798	0.34593934835814805	1.0489431359745907
118	two-agents-zero	2 nodes, alpha=0.33, zero delay	0.33|0.67	bk+ll	64	Bₖ with less leader modification and k=64	600.0	9.375	1000000	329641|670359	constant	1 per confirmed pow solution	first-selfish	first node acts selfishly, other nodes follow the protocol	selfish-simple	withhold until strong block is found	329533.|639491.	11.733534742	0.33	0.329641	0.3400669126874051	1.0316280823301867
119	two-agents-zero	2 nodes, alpha=0.4, zero delay	0.4|0.6	bk+ll	4	Bₖ with less leader modification and k=4	600.0	150.0	1000000	400487|599513	constant	1 per confirmed pow solution	first-selfish	first node acts selfishly, other nodes follow the protocol	selfish-simple	withhold until strong block is found	333986.|532902.	7.728990197	0.4	0.400487	0.38527006948994563	0.9620039339352979
120	two-agents-zero	2 nodes, alpha=0.4, zero delay	0.4|0.6	bk+ll	16	Bₖ with less leader modification and k=16	600.0	37.5	1000000	399826|600174	constant	1 per confirmed pow solution	first-selfish	first node acts selfishly, other nodes follow the protocol	honest	honest	399826.|600174.	6.400500234	0.4	0.399826	0.399826	1.0
121	two-agents-zero	2 nodes, alpha=0.4, zero delay	0.4|0.6	bk+ll	4	Bₖ with less leader modification and k=4	600.0	150.0	1000000	400423|599577	constant	1 per confirmed pow solution	first-selfish	first node acts selfishly, other nodes follow the protocol	selfish-advanced	withhold until defender finds strong block	299151.|387669.	8.147732885	0.4	0.400423	0.4355595352494103	1.0877485440382055
122	two-agents-zero	2 nodes, alpha=0.45, zero delay	0.45|0.55	bk+ll	1	Bₖ with less leader modification and k=1	600.0	600.0	1000000	449259|550741	constant	1 per confirmed pow solution	first-selfish	first node acts selfishly, other nodes follow the protocol	selfish-simple	withhold until strong block is found	449259.|550741.	2.841517136	0.45	0.449259	0.449259	1.0
123	two-agents-zero	2 nodes, alpha=0.3, zero delay	0.3|0.7	bk+ll	64	Bₖ with less leader modification and k=64	600.0	9.375	1000000	299870|700130	constant	1 per confirmed pow solution	first-selfish	first node acts selfishly, other nodes follow the protocol	honest	honest	299870.|700130.	22.092802551	0.3	0.29987	0.29987	1.0
124	two-agents-zero	2 nodes, alpha=0.3, zero delay	0.3|0.7	bk+ll	128	Bₖ with less leader modification and k=128	600.0	4.6875	1000000	299452|700548	constant	1 per confirmed pow solution	first-selfish	first node acts selfishly, other nodes follow the protocol	honest	honest	299437.|700499.	21.563917799	0.3	0.299452	0.29945616519457247	1.000013909389727
125	two-agents-zero	2 nodes, alpha=0.45, zero delay	0.45|0.55	bk+ll	1	Bₖ with less leader modification and k=1	600.0	600.0	1000000	449309|550691	constant	1 per confirmed pow solution	first-selfish	first node acts selfishly, other nodes follow the protocol	selfish-advanced	withhold until defender finds strong block	449309.|550691.	3.30309538	0.45	0.449309	0.449309	1.0
126	two-agents-zero	2 nodes, alpha=0.4, zero delay	0.4|0.6	bk+ll	16	Bₖ with less leader modification and k=16	600.0	37.5	1000000	399922|600078	constant	1 per confirmed pow solution	first-selfish	first node acts selfishly, other nodes follow the protocol	selfish-advanced	withhold until defender finds strong block	386637.|251219.	7.620490781	0.4	0.399922	0.6061509180755531	1.5156728513949047
127	two-agents-zero	2 nodes, alpha=0.4, zero delay	0.4|0.6	bk+ll	8	Bₖ with less leader modification and k=8	600.0	75.0	1000000	399826|600174	constant	1 per confirmed pow solution	first-selfish	first node acts selfishly, other nodes follow the protocol	selfish-advanced	withhold until defender finds strong block	338454.|322706.	8.898017391	0.4	0.399826	0.5119093714078287	1.2803303722314923
128	two-agents-zero	2 nodes, alpha=0.45, zero delay	0.45|0.55	bk+ll	1	Bₖ with less leader modification and k=1	600.0	600.0	1000000	449751|550249	constant	1 per confirmed pow solution	first-selfish	first node acts selfishly, other nodes follow the protocol	honest	honest	449751.|550249.	4.9193357	0.45	0.449751	0.449751	1.0
129	two-agents-zero	2 nodes, alpha=0.45, zero delay	0.45|0.55	bk+ll	4	Bₖ with less leader modification and k=4	600.0	150.0	1000000	449778|550222	constant	1 per confirmed pow solution	first-selfish	first node acts selfishly, other nodes follow the protocol	honest	honest	449778.|550222.	3.424512287	0.45	0.449778	0.449778	1.0
130	two-agents-zero	2 nodes, alpha=0.4, zero delay	0.4|0.6	bk+ll	32	Bₖ with less leader modification and k=32	600.0	18.75	1000000	399285|600715	constant	1 per confirmed pow solution	first-selfish	first node acts selfishly, other nodes follow the protocol	honest	honest	399285.|600715.	8.464501118	0.4	0.399285	0.399285	1.0
131	two-agents-zero	2 nodes, alpha=0.45, zero delay	0.45|0.55	bk+ll	2	Bₖ with less leader modification and k=2	600.0	300.0	1000000	449259|550741	constant	1 per confirmed pow solution	first-selfish	first node acts selfishly, other nodes follow the protocol	honest	honest	449259.|550741.	5.33893974	0.45	0.449259	0.449259	1.0
132	two-agents-zero	2 nodes, alpha=0.4, zero delay	0.4|0.6	bk+ll	16	Bₖ with less leader modification and k=16	600.0	37.5	1000000	399826|600174	constant	1 per confirmed pow solution	first-selfish	first node acts selfishly, other nodes follow the protocol	selfish-simple	withhold until strong block is found	389468.|530244.	9.640034763	0.4	0.399826	0.4234673462997112	1.0591290869020804
133	two-agents-zero	2 nodes, alpha=0.33, zero delay	0.33|0.67	bk+ll	32	Bₖ with less leader modification and k=32	600.0	18.75	1000000	329798|670202	constant	1 per confirmed pow solution	first-selfish	first node acts selfishly, other nodes follow the protocol	selfish-advanced	withhold until defender finds strong block	324182.|367082.	17.10278736	0.33	0.329798	0.4689698870474956	1.4219913008796161
134	two-agents-zero	2 nodes, alpha=0.45, zero delay	0.45|0.55	bk+ll	2	Bₖ with less leader modification and k=2	600.0	300.0	1000000	450170|549830	constant	1 per confirmed pow solution	first-selfish	first node acts selfishly, other nodes follow the protocol	selfish-simple	withhold until strong block is found	389493.|500055.	5.344254353	0.45	0.45017	0.43785495555045933	0.9726435692082087
135	two-agents-zero	2 nodes, alpha=0.33, zero delay	0.33|0.67	bk+ll	64	Bₖ with less leader modification and k=64	600.0	9.375	1000000	329641|670359	constant	1 per confirmed pow solution	first-selfish	first node acts selfishly, other nodes follow the protocol	honest	honest	329641.|670359.	17.26564907	0.33	0.329641	0.329641	1.0
136	two-agents-zero	2 nodes, alpha=0.4, zero delay	0.4|0.6	bk+ll	32	Bₖ with less leader modification and k=32	600.0	18.75	1000000	400423|599577	constant	1 per confirmed pow solution	first-selfish	first node acts selfishly, other nodes follow the protocol	selfish-simple	withhold until strong block is found	399669.|556043.	8.438234525	0.4	0.400423	0.41818978939262036	1.0443700521514008
137	two-agents-zero	2 nodes, alpha=0.45, zero delay	0.45|0.55	bk+ll	4	Bₖ with less leader modification and k=4	600.0	150.0	1000000	449259|550741	constant	1 per confirmed pow solution	first-selfish	first node acts selfishly, other nodes follow the protocol	selfish-advanced	withhold until defender finds strong block	371585.|283231.	4.457667875	0.45	0.449259	0.5674647534574598	1.263112711058565
138	two-agents-zero	2 nodes, alpha=0.45, zero delay	0.45|0.55	bk+ll	8	Bₖ with less leader modification and k=8	600.0	75.0	1000000	449765|550235	constant	1 per confirmed pow solution	first-selfish	first node acts selfishly, other nodes follow the protocol	selfish-simple	withhold until strong block is found	422064.|469912.	4.087452006	0.45	0.449765	0.4731786505466515	1.0520575201419662
139	two-agents-zero	2 nodes, alpha=0.45, zero delay	0.45|0.55	bk+ll	2	Bₖ with less leader modification and k=2	600.0	300.0	1000000	449259|550741	constant	1 per confirmed pow solution	first-selfish	first node acts selfishly, other nodes follow the protocol	selfish-advanced	withhold until defender finds strong block	370731.|348047.	5.375046806	0.45	0.449259	0.5157795591963026	1.1480672823389237
140	two-agents-zero	2 nodes, alpha=0.45, zero delay	0.45|0.55	bk+ll	4	Bₖ with less leader modification and k=4	600.0	150.0	1000000	450170|549830	constant	1 per confirmed pow solution	first-selfish	first node acts selfishly, other nodes follow the protocol	selfish-simple	withhold until strong block is found	393904.|475536.	5.891414602	0.45	0.45017	0.45305483989694517	1.006408334400216
141	two-agents-zero	2 nodes, alpha=0.3, zero delay	0.3|0.7	bk+ll	128	Bₖ with less leader modification and k=128	600.0	4.6875	1000000	299609|700391	constant	1 per confirmed pow solution	first-selfish	first node acts selfishly, other nodes follow the protocol	selfish-simple	withhold until strong block is found	299561.|682327.	25.931443841	0.3	0.299609	0.30508673086950855	1.0182829316526156
142	two-agents-zero	2 nodes, alpha=0.45, zero delay	0.45|0.55	bk+ll	16	Bₖ with less leader modification and k=16	600.0	37.5	1000000	449799|550201	constant	1 per confirmed pow solution	first-selfish	first node acts selfishly, other nodes follow the protocol	selfish-simple	withhold until strong block is found	444827.|486197.	5.046245628	0.45	0.449799	0.4777825276254962	1.0622134056000485
143	two-agents-zero	2 nodes, alpha=0.5, zero delay	0.5|0.5	bk+ll	1	Bₖ with less leader modification and k=1	600.0	600.0	1000000	500304|499696	constant	1 per confirmed pow solution	first-selfish	first node acts selfishly, other nodes follow the protocol	selfish-advanced	withhold until defender finds strong block	500304.|499696.	2.245051047	0.5	0.500304	0.500304	1.0
144	two-agents-zero	2 nodes, alpha=0.5, zero delay	0.5|0.5	bk+ll	1	Bₖ with less leader modification and k=1	600.0	600.0	1000000	499566|500434	constant	1 per confirmed pow solution	first-selfish	first node acts selfishly, other nodes follow the protocol	honest	honest	499566.|500434.	2.716623912	0.5	0.499566	0.499566	1.0
145	two-agents-zero	2 nodes, alpha=0.5, zero delay	0.5|0.5	bk+ll	1	Bₖ with less leader modification and k=1	600.0	600.0	1000000	499528|500472	constant	1 per confirmed pow solution	first-selfish	first node acts selfishly, other nodes follow the protocol	selfish-simple	withhold until strong block is found	499528.|500472.	3.018688272	0.5	0.499528	0.499528	1.0
146	two-agents-zero	2 nodes, alpha=0.45, zero delay	0.45|0.55	bk+ll	8	Bₖ with less leader modification and k=8	600.0	75.0	1000000	449751|550249	constant	1 per confirmed pow solution	first-selfish	first node acts selfishly, other nodes follow the protocol	honest	honest	449751.|550249.	7.101278567	0.45	0.449751	0.449751	1.0
147	two-agents-zero	2 nodes, alpha=0.33, zero delay	0.33|0.67	bk+ll	64	Bₖ with less leader modification and k=64	600.0	9.375	1000000	329798|670202	constant	1 per confirmed pow solution	first-selfish	first node acts selfishly, other nodes follow the protocol	selfish-advanced	withhold until defender finds strong block	329754.|351078.	19.999942263	0.33	0.329798	0.4843397490129724	1.468595167384194
148	two-agents-zero	2 nodes, alpha=0.5, zero delay	0.5|0.5	bk+ll	2	Bₖ with less leader modification and k=2	600.0	300.0	1000000	499528|500472	constant	1 per confirmed pow solution	first-selfish	first node acts selfishly, other nodes follow the protocol	honest	honest	499528.|500472.	4.554958123	0.5	0.499528	0.499528	1.0
149	two-agents-zero	2 nodes, alpha=0.45, zero delay	0.45|0.55	bk+ll	8	Bₖ with less leader modification and k=8	600.0	75.0	1000000	449259|550741	constant	1 per confirmed pow solution	first-selfish	first node acts selfishly, other nodes follow the protocol	selfish-advanced	withhold until defender finds strong block	414653.|202451.	8.596955069	0.45	0.449259	0.6719337421245042	1.4956489288461758
150	two-agents-zero	2 nodes, alpha=0.4, zero delay	0.4|0.6	bk+ll	64	Bₖ with less leader modification and k=64	600.0	9.375	1000000	399826|600174	constant	1 per confirmed pow solution	first-selfish	first node acts selfishly, other nodes follow the protocol	selfish-simple	withhold until strong block is found	399826.|577198.	13.41863763	0.4	0.399826	0.40922843246429974	1.0235163107559282
151	two-agents-zero	2 nodes, alpha=0.5, zero delay	0.5|0.5	bk+ll	4	Bₖ with less leader modification and k=4	600.0	150.0	1000000	500259|499741	constant	1 per confirmed pow solution	first-selfish	first node acts selfishly, other nodes follow the protocol	selfish-simple	withhold until strong block is found	453685.|419499.	3.134809017	0.5	0.500259	0.5195754846630264	1.038612967808728
152	two-agents-zero	2 nodes, alpha=0.45, zero delay	0.45|0.55	bk+ll	16	Bₖ with less leader modification and k=16	600.0	37.5	1000000	449765|550235	constant	1 per confirmed pow solution	first-selfish	first node acts selfishly, other nodes follow the protocol	honest	honest	449765.|550235.	9.0524217	0.45	0.449765	0.449765	1.0
153	two-agents-zero	2 nodes, alpha=0.45, zero delay	0.45|0.55	bk+ll	16	Bₖ with less leader modification and k=16	600.0	37.5	1000000	449778|550222	constant	1 per confirmed pow solution	first-selfish	first node acts selfishly, other nodes follow the protocol	selfish-advanced	withhold until defender finds strong block	446567.|139865.	8.299210988	0.45	0.449778	0.7614983493397359	1.693053793959989
154	two-agents-zero	2 nodes, alpha=0.5, zero delay	0.5|0.5	bk+ll	4	Bₖ with less leader modification and k=4	600.0	150.0	1000000	500362|499638	constant	1 per confirmed pow solution	first-selfish	first node acts selfishly, other nodes follow the protocol	selfish-advanced	withhold until defender finds strong block	452256.|168600.	3.530862517	0.5	0.500362	0.7284394448954347	1.4558248725831193
155	two-agents-zero	2 nodes, alpha=0.5, zero delay	0.5|0.5	bk+ll	2	Bₖ with less leader modification and k=2	600.0	300.0	1000000	499566|500434	constant	1 per confirmed pow solution	first-selfish	first node acts selfishly, other nodes follow the protocol	selfish-simple	withhold until strong block is found	443890.|444756.	4.838001025	0.5	0.499566	0.49951274185671235	0.9998933911769663
156	two-agents-zero	2 nodes, alpha=0.5, zero delay	0.5|0.5	bk+ll	2	Bₖ with less leader modification and k=2	600.0	300.0	1000000	499792|500208	constant	1 per confirmed pow solution	first-selfish	first node acts selfishly, other nodes follow the protocol	selfish-advanced	withhold until defender finds strong block	439342.|263696.	4.935144878	0.5	0.499792	0.6249192789009982	1.2503587070241184
157	two-agents-zero	2 nodes, alpha=0.4, zero delay	0.4|0.6	bk+ll	32	Bₖ with less leader modification and k=32	600.0	18.75	1000000	399826|600174	constant	1 per confirmed pow solution	first-selfish	first node acts selfishly, other nodes follow the protocol	selfish-advanced	withhold until defender finds strong block	399550.|219938.	16.016789573	0.4	0.399826	0.6449681026912547	1.6131219647828172
158	two-agents-zero	2 nodes, alpha=0.45, zero delay	0.45|0.55	bk+ll	32	Bₖ with less leader modification and k=32	600.0	18.75	1000000	449778|550222	constant	1 per confirmed pow solution	first-selfish	first node acts selfishly, other nodes follow the protocol	selfish-simple	withhold until strong block is found	449595.|513701.	10.021818565	0.45	0.449778	0.4667257000963359	1.0376801446409916
159	two-agents-zero	2 nodes, alpha=0.5, zero delay	0.5|0.5	bk+ll	4	Bₖ with less leader modification and k=4	600.0	150.0	1000000	500438|499562	constant	1 per confirmed pow solution	first-selfish	first node acts selfishly, other nodes follow the protocol	honest	honest	500438.|499562.	6.460294374	0.5	0.500438	0.500438	1.0
160	two-agents-zero	2 nodes, alpha=0.33, zero delay	0.33|0.67	bk+ll	128	Bₖ with less leader modification and k=128	600.0	4.6875	1000000	329641|670359	constant	1 per confirmed pow solution	first-selfish	first node acts selfishly, other nodes follow the protocol	selfish-simple	withhold until strong block is found	329616.|654960.	24.613597158	0.33	0.329641	0.3347796411856474	1.015588598462107
161	two-agents-zero	2 nodes, alpha=0.45, zero delay	0.45|0.55	bk+ll	32	Bₖ with less leader modification and k=32	600.0	18.75	1000000	449259|550741	constant	1 per confirmed pow solution	first-selfish	first node acts selfishly, other nodes follow the protocol	honest	honest	449259.|550741.	11.481320827	0.45	0.449259	0.449259	1.0
162	two-agents-zero	2 nodes, alpha=0.5, zero delay	0.5|0.5	bk+ll	8	Bₖ with less leader modification and k=8	600.0	75.0	1000000	500467|499533	constant	1 per confirmed pow solution	first-selfish	first node acts selfishly, other nodes follow the protocol	selfish-advanced	withhold until defender finds strong block	489512.|77960.	5.351192265	0.5	0.500467	0.8626187723799589	1.7236276765100573
163	two-agents-zero	2 nodes, alpha=0.3, zero delay	0.3|0.7	bk+ll	128	Bₖ with less leader modification and k=128	600.0	4.6875	1000000	299609|700391	constant	1 per confirmed pow solution	first-selfish	first node acts selfishly, other nodes follow the protocol	selfish-advanced	withhold until defender finds strong block	299526.|406266.	33.638620393	0.3	0.299609	0.42438282100108815	1.4164555170274862
164	two-agents-zero	2 nodes, alpha=0.5, zero delay	0.5|0.5	bk+ll	8	Bₖ with less leader modification and k=8	600.0	75.0	1000000	499792|500208	constant	1 per confirmed pow solution	first-selfish	first node acts selfishly, other nodes follow the protocol	selfish-simple	withhold until strong block is found	482290.|419838.	6.242456922	0.5	0.499792	0.5346137133533158	1.06967241042937
165	two-agents-zero	2 nodes, alpha=0.4, zero delay	0.4|0.6	bk+ll	64	Bₖ with less leader modification and k=64	600.0	9.375	1000000	399826|600174	constant	1 per confirmed pow solution	first-selfish	first node acts selfishly, other nodes follow the protocol	honest	honest	399826.|600174.	17.737742786	0.4	0.399826	0.399826	1.0
166	two-agents-zero	2 nodes, alpha=0.45, zero delay	0.45|0.55	bk+ll	64	Bₖ with less leader modification and k=64	600.0	9.375	1000000	450193|549807	constant	1 per confirmed pow solution	first-selfish	first node acts selfishly, other nodes follow the protocol	honest	honest	450193.|549807.	10.900276196	0.45	0.450193	0.450193	1.0
167	two-agents-zero	2 nodes, alpha=0.5, zero delay	0.5|0.5	bk+ll	8	Bₖ with less leader modification and k=8	600.0	75.0	1000000	500612|499388	constant	1 per confirmed pow solution	first-selfish	first node acts selfishly, other nodes follow the protocol	honest	honest	500612.|499388.	6.760587977	0.5	0.500612	0.500612	1.0
168	two-agents-zero	2 nodes, alpha=0.4, zero delay	0.4|0.6	bk+ll	128	Bₖ with less leader modification and k=128	600.0	4.6875	1000000	400423|599577	constant	1 per confirmed pow solution	first-selfish	first node acts selfishly, other nodes follow the protocol	selfish-simple	withhold until strong block is found	400401.|588143.	17.883950664	0.4	0.400423	0.40504115143079117	1.0115331822367626
169	two-agents-zero	2 nodes, alpha=0.45, zero delay	0.45|0.55	bk+ll	64	Bₖ with less leader modification and k=64	600.0	9.375	1000000	449765|550235	constant	1 per confirmed pow solution	first-selfish	first node acts selfishly, other nodes follow the protocol	selfish-simple	withhold until strong block is found	449764.|531228.	12.488531579	0.45	0.449765	0.45847876435281837	1.0193740383373948
170	two-agents-zero	2 nodes, alpha=0.5, zero delay	0.5|0.5	bk+ll	32	Bₖ with less leader modification and k=32	600.0	18.75	1000000	500304|499696	constant	1 per confirmed pow solution	first-selfish	first node acts selfishly, other nodes follow the protocol	selfish-simple	withhold until strong block is found	500285.|469859.	6.491580875	0.5	0.500304	0.5156811772272982	1.0307356671689578
171	two-agents-zero	2 nodes, alpha=0.5, zero delay	0.5|0.5	bk+ll	16	Bₖ with less leader modification and k=16	600.0	37.5	1000000	500612|499388	constant	1 per confirmed pow solution	first-selfish	first node acts selfishly, other nodes follow the protocol	honest	honest	500612.|499388.	7.527077114	0.5	0.500612	0.500612	1.0
172	two-agents-zero	2 nodes, alpha=0.45, zero delay	0.45|0.55	bk+ll	128	Bₖ with less leader modification and k=128	600.0	4.6875	1000000	449751|550249	constant	1 per confirmed pow solution	first-selfish	first node acts selfishly, other nodes follow the protocol	selfish-simple	withhold until strong block is found	449697.|540767.	12.989965364	0.45	0.449751	0.4540265976350478	1.0095065883901266
173	two-agents-zero	2 nodes, alpha=0.5, zero delay	0.5|0.5	bk+ll	16	Bₖ with less leader modification and k=16	600.0	37.5	1000000	499528|500472	constant	1 per confirmed pow solution	first-selfish	first node acts selfishly, other nodes follow the protocol	selfish-simple	withhold until strong block is found	497719.|443817.	7.37198883	0.5	0.499528	0.528624502939877	1.058247991984187
174	two-agents-zero	2 nodes, alpha=0.5, zero delay	0.5|0.5	bk+ll	32	Bₖ with less leader modification and k=32	600.0	18.75	1000000	499501|500499	constant	1 per confirmed pow solution	first-selfish	first node acts selfishly, other nodes follow the protocol	honest	honest	499501.|500499.	7.177751002	0.5	0.499501	0.499501	1.0
175	two-agents-zero	2 nodes, alpha=0.4, zero delay	0.4|0.6	bk+ll	64	Bₖ with less leader modification and k=64	600.0	9.375	1000000	399922|600078	constant	1 per confirmed pow solution	first-selfish	first node acts selfishly, other nodes follow the protocol	selfish-advanced	withhold until defender finds strong block	399873.|209727.	20.427229839	0.4	0.399922	0.6559596456692913	1.640218956869818
176	two-agents-zero	2 nodes, alpha=0.45, zero delay	0.45|0.55	bk+ll	32	Bₖ with less leader modification and k=32	600.0	18.75	1000000	449259|550741	constant	1 per confirmed pow solution	first-selfish	first node acts selfishly, other nodes follow the protocol	selfish-advanced	withhold until defender finds strong block	449199.|119281.	14.877500615	0.45	0.449259	0.7901755558682804	1.758841906045912
177	two-agents-zero	2 nodes, alpha=0.33, zero delay	0.33|0.67	bk+ll	128	Bₖ with less leader modification and k=128	600.0	4.6875	1000000	329641|670359	constant	1 per confirmed pow solution	first-selfish	first node acts selfishly, other nodes follow the protocol	honest	honest	329609.|670327.	29.486390168	0.33	0.329641	0.32963009632616486	0.9999669225799122
178	two-agents-zero	2 nodes, alpha=0.5, zero delay	0.5|0.5	bk+ll	16	Bₖ with less leader modification and k=16	600.0	37.5	1000000	500467|499533	constant	1 per confirmed pow solution	first-selfish	first node acts selfishly, other nodes follow the protocol	selfish-advanced	withhold until defender finds strong block	500140.|32644.	9.803207113	0.5	0.500467	0.9387293912730112	1.8757068723272687
179	two-agents-zero	2 nodes, alpha=0.5, zero delay	0.5|0.5	bk+ll	64	Bₖ with less leader modification and k=64	600.0	9.375	1000000	498985|501015	constant	1 per confirmed pow solution	first-selfish	first node acts selfishly, other nodes follow the protocol	honest	honest	498985.|501015.	9.332479946	0.5	0.498985	0.498985	1.0
180	two-agents-zero	2 nodes, alpha=0.5, zero delay	0.5|0.5	bk+ll	64	Bₖ with less leader modification and k=64	600.0	9.375	1000000	500362|499638	constant	1 per confirmed pow solution	first-selfish	first node acts selfishly, other nodes follow the protocol	selfish-simple	withhold until strong block is found	500336.|484368.	9.673504798	0.5	0.500362	0.5081080202781749	1.015480832433668
181	two-agents-zero	2 nodes, alpha=0.4, zero delay	0.4|0.6	bk+ll	128	Bₖ with less leader modification and k=128	600.0	4.6875	1000000	399922|600078	constant	1 per confirmed pow solution	first-selfish	first node acts selfishly, other nodes follow the protocol	honest	honest	399885.|600051.	23.856092187	0.4	0.399922	0.39991059427803377	0.9999714801337105
182	two-agents-zero	2 nodes, alpha=0.45, zero delay	0.45|0.55	bk+ll	64	Bₖ with less leader modification and k=64	600.0	9.375	1000000	449259|550741	constant	1 per confirmed pow solution	first-selfish	first node acts selfishly, other nodes follow the protocol	selfish-advanced	withhold until defender finds strong block	449173.|110251.	17.326249372	0.45	0.449259	0.8029205039469168	1.7872107268789648
183	two-agents-zero	2 nodes, alpha=0.5, zero delay	0.5|0.5	bk+ll	32	Bₖ with less leader modification and k=32	600.0	18.75	1000000	500467|499533	constant	1 per confirmed pow solution	first-selfish	first node acts selfishly, other nodes follow the protocol	selfish-advanced	withhold until defender finds strong block	500384.|15232.	11.448830904	0.5	0.500467	0.9704586358840688	1.9391061466271877
184	two-agents-zero	2 nodes, alpha=0.33, zero delay	0.33|0.67	bk+ll	128	Bₖ with less leader modification and k=128	600.0	4.6875	1000000	329798|670202	constant	1 per confirmed pow solution	first-selfish	first node acts selfishly, other nodes follow the protocol	selfish-advanced	withhold until defender finds strong block	329751.|345705.	33.482431085	0.33	0.329798	0.48819020039795336	1.480270348510159
185	two-agents-zero	2 nodes, alpha=0.45, zero delay	0.45|0.55	bk+ll	128	Bₖ with less leader modification and k=128	600.0	4.6875	1000000	449259|550741	constant	1 per confirmed pow solution	first-selfish	first node acts selfishly, other nodes follow the protocol	honest	honest	449238.|550698.	20.275692377	0.45	0.449259	0.4492667530721966	1.0000172574666208
186	two-agents-zero	2 nodes, alpha=0.5, zero delay	0.5|0.5	bk+ll	128	Bₖ with less leader modification and k=128	600.0	4.6875	1000000	500467|499533	constant	1 per confirmed pow solution	first-selfish	first node acts selfishly, other nodes follow the protocol	selfish-simple	withhold until strong block is found	500465.|491663.	12.059963765	0.5	0.500467	0.5044359195587667	1.0079304320939575
187	two-agents-zero	2 nodes, alpha=0.5, zero delay	0.5|0.5	bk+ll	128	Bₖ with less leader modification and k=128	600.0	4.6875	1000000	500467|499533	constant	1 per confirmed pow solution	first-selfish	first node acts selfishly, other nodes follow the protocol	honest	honest	500441.|499495.	14.755934642	0.5	0.500467	0.5004730302739375	1.0000120492938347
188	two-agents-zero	2 nodes, alpha=0.4, zero delay	0.4|0.6	bk+ll	128	Bₖ with less leader modification and k=128	600.0	4.6875	1000000	399161|600839	constant	1 per confirmed pow solution	first-selfish	first node acts selfishly, other nodes follow the protocol	selfish-advanced	withhold until defender finds strong block	399095.|206473.	32.936256316	0.4	0.399161	0.6590424196787149	1.651069166774096
189	two-agents-zero	2 nodes, alpha=0.5, zero delay	0.5|0.5	bk+ll	64	Bₖ with less leader modification and k=64	600.0	9.375	1000000	498803|501197	constant	1 per confirmed pow solution	first-selfish	first node acts selfishly, other nodes follow the protocol	selfish-advanced	withhold until defender finds strong block	498683.|10437.	20.364352699	0.5	0.498803	0.979499921433061	1.9637009429234809
190	two-agents-zero	2 nodes, alpha=0.45, zero delay	0.45|0.55	bk+ll	128	Bₖ with less leader modification and k=128	600.0	4.6875	1000000	449778|550222	constant	1 per confirmed pow solution	first-selfish	first node acts selfishly, other nodes follow the protocol	selfish-advanced	withhold until defender finds strong block	449619.|104877.	29.247574886	0.45	0.449778	0.8108606734764543	1.8028019900405405
191	two-agents-zero	2 nodes, alpha=0.5, zero delay	0.5|0.5	bk+ll	128	Bₖ with less leader modification and k=128	600.0	4.6875	1000000	499924|500076	constant	1 per confirmed pow solution	first-selfish	first node acts selfishly, other nodes follow the protocol	selfish-advanced	withhold until defender finds strong block	499407.|4529.	35.875566806	0.5	0.499924	0.9910127476504953	1.982326808975955
